"timestamp","status","success","response_time_ms","error"
"2026-09-04T14:02:34.9136232+00:00","200","True","783.513",""
"2026-09-04T14:02:35.9204864+00:00","200","True","308.881",""
"2026-09-04T14:02:36.9221975+00:00","200","True","530.31",""
"2026-09-04T14:02:37.9232067+00:00","200","True","224.808",""
"2026-09-04T14:02:38.9244057+00:00","200","True","360.02",""
"2026-09-04T14:02:39.9256873+00:00","200","True","264.224",""
"2026-09-04T14:02:40.9268053+00:00","200","True","670.5",""
"2026-09-04T14:02:41.9272027+00:00","200","True","183.518",""
"2026-09-04T14:02:42.9276084+00:00","200","True","301.262",""
"2026-09-04T14:02:43.9287320+00:00","200","True","281.321",""
"2026-09-04T14:02:44.9289247+00:00","200","True","266.077",""
"2026-09-04T14:02:45.9296331+00:00","200","True","333.314",""
"2026-09-04T14:02:46.9296920+00:00","200","True","481.861",""
"2026-09-04T14:02:47.9310698+00:00","200","True","639.429",""
"2026-09-04T14:02:48.9312420+00:00","200","True","206.148",""
"2026-09-04T14:02:49.9322717+00:00","200","True","336.414",""
"2026-09-04T14:02:50.9329891+00:00","200","True","282.149",""
"2026-09-04T14:02:51.9336545+00:00","200","True","447.109",""
"2026-09-04T14:02:52.9342393+00:00","200","True","278.314",""
"2026-09-04T14:02:53.9351153+00:00","200","True","384.994",""
"2026-09-04T14:02:54.9357695+00:00","200","True","437.807",""
"2026-09-04T14:02:55.9362755+00:00","200","True","377.558",""
"2026-09-04T14:02:56.9364400+00:00","200","True","417.147",""
"2026-09-04T14:02:57.9372357+00:00","200","True","327.591",""
"2026-09-04T14:02:58.9374410+00:00","200","True","314.855",""
"2026-09-04T14:02:59.9379692+00:00","200","True","1043.662",""
"2026-09-04T14:03:00.9818993+00:00","200","True","531.021",""
"2026-09-04T14:03:01.9824470+00:00","200","True","242.487",""
"2026-09-04T14:03:02.9824865+00:00","200","True","566.327",""
"2026-09-04T14:03:03.9832619+00:00","200","True","487.973",""
"2026-09-04T14:03:04.9837922+00:00","200","True","408.171",""
"2026-09-04T14:03:05.9847180+00:00","200","True","534.523",""
"2026-09-04T14:03:06.9849028+00:00","200","True","366.728",""
"2026-09-04T14:03:07.9852437+00:00","200","True","834.683",""
"2026-09-04T14:03:08.9854260+00:00","200","True","159.223",""
"2026-09-04T14:03:09.9860668+00:00","200","True","282.431",""
"2026-09-04T14:03:10.9860061+00:00","200","True","247.629",""
"2026-09-04T14:03:11.9863545+00:00","200","True","248.946",""
"2026-09-04T14:03:12.9866935+00:00","200","True","430.116",""
"2026-09-04T14:03:13.9872720+00:00","200","True","967.845",""
"2026-09-04T14:03:14.9880916+00:00","200","True","168.9",""
"2026-09-04T14:03:15.9886327+00:00","200","True","262.263",""
"2026-09-04T14:03:16.9893437+00:00","200","True","246.467",""
"2026-09-04T14:03:17.9893416+00:00","200","True","279.042",""
"2026-09-04T14:03:18.9898275+00:00","200","True","268.729",""
"2026-09-04T14:03:19.9900445+00:00","200","True","357.115",""
"2026-09-04T14:03:20.9906772+00:00","200","True","266.666",""
"2026-09-04T14:03:21.9907968+00:00","200","True","310.65",""
"2026-09-04T14:03:22.9908987+00:00","200","True","310.209",""
"2026-09-04T14:03:23.9914937+00:00","200","True","333.999",""
"2026-09-04T14:03:24.9918916+00:00","200","True","635.465",""
"2026-09-04T14:03:25.9920365+00:00","200","True","166.054",""
"2026-09-04T14:03:26.9924562+00:00","200","True","251.453",""
"2026-09-04T14:03:27.9924128+00:00","200","True","379.819",""
"2026-09-04T14:03:28.9927334+00:00","200","True","253.45",""
"2026-09-04T14:03:29.9926366+00:00","200","True","354.978",""
"2026-09-04T14:03:30.9931713+00:00","200","True","249.182",""
"2026-09-04T14:03:31.9938399+00:00","200","True","255.671",""
"2026-09-04T14:03:32.9939654+00:00","200","True","341.181",""
"2026-09-04T14:03:33.9945467+00:00","200","True","247.802",""
"2026-09-04T14:03:34.9948096+00:00","200","True","260.541",""
"2026-09-04T14:03:35.9953158+00:00","200","True","263.728",""
"2026-09-04T14:03:36.9957445+00:00","200","True","281.4",""
"2026-09-04T14:03:37.9963665+00:00","200","True","377.636",""
"2026-09-04T14:03:38.9964366+00:00","200","True","289.896",""
"2026-09-04T14:03:39.9967353+00:00","200","True","254.465",""
"2026-09-04T14:03:40.9967877+00:00","200","True","295.938",""
"2026-09-04T14:03:41.9972009+00:00","200","True","313.376",""
"2026-09-04T14:03:42.9970838+00:00","200","True","242.738",""
"2026-09-04T14:03:43.9971940+00:00","200","True","363.353",""
"2026-09-04T14:03:44.9980833+00:00","200","True","653.479",""
"2026-09-04T14:03:45.9980762+00:00","200","True","295.914",""
"2026-09-04T14:03:46.9986301+00:00","200","True","274.638",""
"2026-09-04T14:03:47.9985954+00:00","200","True","393.242",""
"2026-09-04T14:03:49.0296148+00:00","200","True","375.898",""
"2026-09-04T14:03:50.0299433+00:00","200","True","364.613",""
"2026-09-04T14:03:51.0299788+00:00","200","True","653.202",""
"2026-09-04T14:03:52.0307184+00:00","200","True","178.368",""
"2026-09-04T14:03:53.0315052+00:00","200","True","405.762",""
"2026-09-04T14:03:54.0318252+00:00","200","True","480.899",""
"2026-09-04T14:03:55.0321526+00:00","200","True","349.488",""
"2026-09-04T14:03:56.0321290+00:00","200","True","505.64",""
"2026-09-04T14:03:57.0322842+00:00","200","True","508.965",""
"2026-09-04T14:03:58.0326785+00:00","200","True","470.084",""
"2026-09-04T14:03:59.0332440+00:00","200","True","542.337",""
"2026-09-04T14:04:00.0340023+00:00","200","True","278.204",""
"2026-09-04T14:04:01.0347104+00:00","200","True","320.098",""
"2026-09-04T14:04:02.0352754+00:00","200","True","398.531",""
"2026-09-04T14:04:03.0353044+00:00","200","True","419.202",""
"2026-09-04T14:04:04.0365415+00:00","200","True","612.094",""
"2026-09-04T14:04:05.0370793+00:00","200","True","238.6",""
"2026-09-04T14:04:06.0374482+00:00","200","True","426.264",""
"2026-09-04T14:04:07.0382875+00:00","200","True","290.26",""
"2026-09-04T14:04:08.0389555+00:00","200","True","278.357",""
"2026-09-04T14:04:09.0397061+00:00","200","True","281.61",""
"2026-09-04T14:04:10.0396862+00:00","200","True","288.915",""
"2026-09-04T14:04:11.0400652+00:00","200","True","252.887",""
"2026-09-04T14:04:12.0404260+00:00","200","True","317.519",""
"2026-09-04T14:04:13.0405221+00:00","200","True","553.348",""
"2026-09-04T14:04:14.0408960+00:00","200","True","197.114",""
"2026-09-04T14:04:15.0416081+00:00","200","True","333.69",""
"2026-09-04T14:04:16.0420402+00:00","200","True","370.682",""
"2026-09-04T14:04:17.0423076+00:00","200","True","341.296",""
"2026-09-04T14:04:18.0431688+00:00","200","True","291.094",""
"2026-09-04T14:04:19.0456552+00:00","200","True","258.73",""
"2026-09-04T14:04:20.0472170+00:00","200","True","250.924",""
"2026-09-04T14:04:21.0477833+00:00","200","True","406.382",""
"2026-09-04T14:04:22.0486626+00:00","200","True","303.189",""
"2026-09-04T14:04:23.0493558+00:00","200","True","252.061",""
"2026-09-04T14:04:24.0502084+00:00","200","True","386.148",""
"2026-09-04T14:04:25.0507525+00:00","200","True","424.038",""
"2026-09-04T14:04:26.0513354+00:00","200","True","341.521",""
"2026-09-04T14:04:27.0515088+00:00","200","True","473.528",""
"2026-09-04T14:04:28.0515104+00:00","200","True","287.249",""
"2026-09-04T14:04:29.0521789+00:00","200","True","283.531",""
"2026-09-04T14:04:30.0528667+00:00","200","True","346.668",""
"2026-09-04T14:04:31.0529179+00:00","200","True","300.429",""
"2026-09-04T14:04:32.0527635+00:00","200","True","315.439",""
"2026-09-04T14:04:33.0526262+00:00","200","True","292.489",""
"2026-09-04T14:04:34.0525567+00:00","200","True","313.624",""
"2026-09-04T14:04:35.0526421+00:00","200","True","305.302",""
"2026-09-04T14:04:36.0536786+00:00","200","True","399.074",""
"2026-09-04T14:04:37.0542269+00:00","200","True","326.903",""
"2026-09-04T14:04:38.0550552+00:00","200","True","266.417",""
"2026-09-04T14:04:39.0551086+00:00","200","True","282.091",""
"2026-09-04T14:04:40.0556394+00:00","200","True","262.921",""
"2026-09-04T14:04:41.0560180+00:00","200","True","294.963",""
"2026-09-04T14:04:42.0565002+00:00","200","True","412.456",""
"2026-09-04T14:04:43.0564075+00:00","200","True","341.816",""
"2026-09-04T14:04:44.0566881+00:00","200","True","362.453",""
"2026-09-04T14:04:45.0565597+00:00","200","True","292.178",""
"2026-09-04T14:04:46.0572650+00:00","200","True","319.304",""
"2026-09-04T14:04:47.0582743+00:00","200","True","246.592",""
"2026-09-04T14:04:48.0583509+00:00","200","True","257.683",""
"2026-09-04T14:04:49.0584789+00:00","200","True","278.613",""
"2026-09-04T14:04:50.0586027+00:00","200","True","264.074",""
"2026-09-04T14:04:51.0591496+00:00","200","True","258.286",""
"2026-09-04T14:04:52.0594554+00:00","200","True","278.956",""
"2026-09-04T14:04:53.0603331+00:00","200","True","323.824",""
"2026-09-04T14:04:54.0606542+00:00","200","True","326.406",""
"2026-09-04T14:04:55.0604736+00:00","200","True","318.338",""
"2026-09-04T14:04:56.0616123+00:00","200","True","244.856",""
"2026-09-04T14:04:57.0618689+00:00","200","True","261.233",""
"2026-09-04T14:04:58.0627596+00:00","200","True","1004.598",""
"2026-09-04T14:04:59.0675451+00:00","200","True","920.19",""
"2026-09-04T14:05:00.0682706+00:00","200","True","188.233",""
"2026-09-04T14:05:01.0689488+00:00","200","True","405.784",""
"2026-09-04T14:05:02.0692352+00:00","200","True","471.698",""
"2026-09-04T14:05:03.0694726+00:00","200","True","255.768",""
"2026-09-04T14:05:04.0699245+00:00","200","True","265.563",""
"2026-09-04T14:05:05.0699783+00:00","200","True","318.071",""
"2026-09-04T14:05:06.0722608+00:00","200","True","260.857",""
"2026-09-04T14:05:07.0725764+00:00","200","True","268.073",""
"2026-09-04T14:05:08.0731537+00:00","200","True","339.232",""
"2026-09-04T14:05:09.0741063+00:00","200","True","704.469",""
"2026-09-04T14:05:10.0740578+00:00","200","True","270.926",""
"2026-09-04T14:05:11.0745294+00:00","200","True","259.488",""
"2026-09-04T14:05:12.0744521+00:00","200","True","380.29",""
"2026-09-04T14:05:13.0752683+00:00","200","True","612.615",""
"2026-09-04T14:05:14.0753027+00:00","200","True","249.797",""
"2026-09-04T14:05:15.0756680+00:00","200","True","1124.2",""
"2026-09-04T14:05:16.2001090+00:00","200","True","315.063",""
"2026-09-04T14:05:17.2009204+00:00","200","True","1381.821",""
"2026-09-04T14:05:18.5828774+00:00","200","True","328.726",""
"2026-09-04T14:05:19.5830570+00:00","200","True","381.896",""
"2026-09-04T14:05:20.5834758+00:00","200","True","353.416",""
"2026-09-04T14:05:21.5833120+00:00","200","True","460.695",""
"2026-09-04T14:05:22.5836374+00:00","200","True","482.07",""
"2026-09-04T14:05:23.5842096+00:00","200","True","2544.39",""
"2026-09-04T14:05:26.1299231+00:00","200","True","309.571",""
"2026-09-04T14:05:27.1307107+00:00","200","True","447.466",""
"2026-09-04T14:05:28.1307637+00:00","200","True","550.021",""
"2026-09-04T14:05:29.1312842+00:00","200","True","260.902",""
"2026-09-04T14:05:30.1318085+00:00","200","True","2051.756",""
"2026-09-04T14:05:32.1837843+00:00","200","True","845.468",""
"2026-09-04T14:05:33.1837061+00:00","200","True","548.082",""
"2026-09-04T14:05:34.1844561+00:00","200","True","735.684",""
"2026-09-04T14:05:35.1845928+00:00","200","True","211.842",""
"2026-09-04T14:05:36.1855552+00:00","200","True","984.1",""
"2026-09-04T14:05:37.1860862+00:00","200","True","285.777",""
"2026-09-04T14:05:38.1863998+00:00","200","True","734.964",""
"2026-09-04T14:05:39.1867722+00:00","200","True","809.535",""
"2026-09-04T14:05:40.1867924+00:00","200","True","293.207",""
"2026-09-04T14:05:41.1868820+00:00","200","True","1137.18",""
"2026-09-04T14:05:42.3243566+00:00","200","True","303.118",""
"2026-09-04T14:05:43.3251203+00:00","200","True","440.75",""
"2026-09-04T14:05:44.3255393+00:00","200","True","509.559",""
"2026-09-04T14:05:45.3259288+00:00","200","True","531.928",""
"2026-09-04T14:05:46.3263113+00:00","200","True","262.466",""
"2026-09-04T14:05:47.3264279+00:00","200","True","822.817",""
"2026-09-04T14:05:48.3271850+00:00","200","True","535.278",""
"2026-09-04T14:05:49.3278858+00:00","200","True","457.35",""
"2026-09-04T14:05:50.3297732+00:00","200","True","473.982",""
"2026-09-04T14:05:51.3315246+00:00","200","True","418.436",""
"2026-09-04T14:05:52.3314613+00:00","200","True","547.47",""
"2026-09-04T14:05:53.3314101+00:00","200","True","405.253",""
"2026-09-04T14:05:54.3323604+00:00","200","True","1153.415",""
"2026-09-04T14:05:55.4889921+00:00","200","True","265.214",""
"2026-09-04T14:05:56.4896248+00:00","200","True","320.695",""
"2026-09-04T14:05:57.4897713+00:00","200","True","330.37",""
"2026-09-04T14:05:58.4906264+00:00","200","True","296.404",""
"2026-09-04T14:05:59.4915974+00:00","200","True","556.526",""
"2026-09-04T14:06:00.4918110+00:00","200","True","578.936",""
"2026-09-04T14:06:01.4921452+00:00","200","True","453.009",""
"2026-09-04T14:06:02.4926588+00:00","200","True","292.464",""
"2026-09-04T14:06:03.4926368+00:00","200","True","1003.655",""
"2026-09-04T14:06:04.4965359+00:00","200","True","324.486",""
"2026-09-04T14:06:05.4969112+00:00","200","True","1255.964",""
"2026-09-04T14:06:06.7530903+00:00","200","True","453.647",""
"2026-09-04T14:06:07.7532852+00:00","200","True","507.433",""
"2026-09-04T14:06:08.7532439+00:00","200","True","324.582",""
"2026-09-04T14:06:09.7533406+00:00","200","True","630.389",""
"2026-09-04T14:06:10.7533611+00:00","200","True","183.451",""
"2026-09-04T14:06:11.7534106+00:00","200","True","391.782",""
"2026-09-04T14:06:12.7536355+00:00","200","True","358.997",""
"2026-09-04T14:06:13.7541211+00:00","200","True","834.714",""
"2026-09-04T14:06:14.7542594+00:00","200","True","335.837",""
"2026-09-04T14:06:15.7549465+00:00","200","True","385.961",""
"2026-09-04T14:06:16.7554255+00:00","200","True","298.031",""
"2026-09-04T14:06:17.7561282+00:00","200","True","364.282",""
"2026-09-04T14:06:18.7563072+00:00","200","True","265.413",""
"2026-09-04T14:06:19.7564041+00:00","200","True","817.576",""
"2026-09-04T14:06:20.7565027+00:00","200","True","345.629",""
"2026-09-04T14:06:21.7570131+00:00","200","True","413.181",""
"2026-09-04T14:06:22.7581350+00:00","200","True","548.212",""
"2026-09-04T14:06:23.7588716+00:00","200","True","701.925",""
"2026-09-04T14:06:24.7596371+00:00","200","True","840.339",""
"2026-09-04T14:06:25.7597238+00:00","200","True","498.743",""
"2026-09-04T14:06:26.7600803+00:00","200","True","710.719",""
"2026-09-04T14:06:27.7617093+00:00","200","True","322.643",""
"2026-09-04T14:06:28.7620059+00:00","200","True","514.606",""
"2026-09-04T14:06:29.7620923+00:00","200","True","525.328",""
"2026-09-04T14:06:30.7629340+00:00","200","True","363.557",""
"2026-09-04T14:06:31.7630445+00:00","200","True","424.035",""
"2026-09-04T14:06:32.7639065+00:00","200","True","511.677",""
"2026-09-04T14:06:33.7645132+00:00","200","True","859.734",""
"2026-09-04T14:06:34.7663232+00:00","200","True","346.974",""
"2026-09-04T14:06:35.7696300+00:00","200","True","720.103",""
"2026-09-04T14:06:36.7712320+00:00","200","True","214.217",""
"2026-09-04T14:06:37.7712995+00:00","200","True","575.105",""
"2026-09-04T14:06:38.7718422+00:00","200","True","343.068",""
"2026-09-04T14:06:39.7724037+00:00","200","True","756.474",""
"2026-09-04T14:06:40.7723001+00:00","200","True","456.672",""
"2026-09-04T14:06:41.7724573+00:00","200","True","562.294",""
"2026-09-04T14:06:42.7733155+00:00","200","True","258.643",""
"2026-09-04T14:06:43.7735198+00:00","200","True","463.948",""
"2026-09-04T14:06:44.7761474+00:00","200","True","531.728",""
"2026-09-04T14:06:45.7764421+00:00","200","True","305.261",""
"2026-09-04T14:06:46.7770844+00:00","200","True","689.097",""
"2026-09-04T14:06:47.7779880+00:00","200","True","672.89",""
"2026-09-04T14:06:48.7783748+00:00","200","True","338.908",""
"2026-09-04T14:06:49.7787577+00:00","200","True","422.268",""
"2026-09-04T14:06:50.7795320+00:00","200","True","585.01",""
"2026-09-04T14:06:51.7801635+00:00","200","True","237.887",""
"2026-09-04T14:06:52.7804374+00:00","200","True","345.92",""
"2026-09-04T14:06:53.7811219+00:00","200","True","699.946",""
"2026-09-04T14:06:54.7815172+00:00","200","True","649.578",""
"2026-09-04T14:06:55.7816727+00:00","200","True","414.999",""
"2026-09-04T14:06:56.7821719+00:00","200","True","616.739",""
"2026-09-04T14:06:57.7823979+00:00","200","True","300.893",""
"2026-09-04T14:06:58.7838440+00:00","200","True","431.639",""
"2026-09-04T14:06:59.7848631+00:00","200","True","251.362",""
"2026-09-04T14:07:00.7851534+00:00","200","True","330.26",""
"2026-09-04T14:07:01.7858535+00:00","200","True","425.887",""
"2026-09-04T14:07:02.7863247+00:00","200","True","268.703",""
"2026-09-04T14:07:03.7866795+00:00","200","True","388.82",""
"2026-09-04T14:07:04.7870196+00:00","200","True","360.519",""
"2026-09-04T14:07:05.7871641+00:00","200","True","349.129",""
"2026-09-04T14:07:06.7878476+00:00","200","True","261.038",""
"2026-09-04T14:07:07.7884112+00:00","200","True","434.228",""
"2026-09-04T14:07:08.7892273+00:00","200","True","347.56",""
"2026-09-04T14:07:09.7892065+00:00","200","True","370.458",""
"2026-09-04T14:07:10.7891831+00:00","200","True","262.497",""
"2026-09-04T14:07:11.7890937+00:00","200","True","246.808",""
"2026-09-04T14:07:12.7893163+00:00","200","True","428.618",""
"2026-09-04T14:07:13.7894878+00:00","200","True","361.146",""
"2026-09-04T14:07:14.7901316+00:00","200","True","326.255",""
"2026-09-04T14:07:15.7908770+00:00","200","True","345.913",""
"2026-09-04T14:07:16.7913667+00:00","200","True","271.924",""
"2026-09-04T14:07:17.7922028+00:00","200","True","381.534",""
"2026-09-04T14:07:18.7924384+00:00","200","True","577.954",""
"2026-09-04T14:07:19.7928025+00:00","200","True","257.852",""
"2026-09-04T14:07:20.7934334+00:00","200","True","332.619",""
"2026-09-04T14:07:21.7950387+00:00","200","True","358.235",""
"2026-09-04T14:07:22.7975286+00:00","200","True","542.073",""
"2026-09-04T14:07:23.7990437+00:00","200","True","527.031",""
"2026-09-04T14:07:24.7996247+00:00","200","True","562.866",""
"2026-09-04T14:07:25.8008622+00:00","200","True","517.629",""
"2026-09-04T14:07:26.8014016+00:00","200","True","794.642",""
"2026-09-04T14:07:27.8016105+00:00","200","True","607.145",""
"2026-09-04T14:07:28.8024245+00:00","200","True","742.023",""
"2026-09-04T14:07:29.8029066+00:00","200","True","426.564",""
"2026-09-04T14:07:30.8029617+00:00","200","True","449.262",""
"2026-09-04T14:07:31.8036699+00:00","200","True","404.641",""
"2026-09-04T14:07:32.8039484+00:00","200","True","292.315",""
"2026-09-04T14:07:33.8046927+00:00","200","True","449.204",""
"2026-09-04T14:07:34.8053624+00:00","200","True","379.064",""
"2026-09-04T14:07:35.8058483+00:00","200","True","387.32",""
"2026-09-04T14:07:36.8056997+00:00","200","True","370.296",""
"2026-09-04T14:07:37.8065306+00:00","200","True","370.312",""
"2026-09-04T14:07:38.8073359+00:00","200","True","301.843",""
"2026-09-04T14:07:39.8083766+00:00","200","True","484.029",""
"2026-09-04T14:07:40.8092436+00:00","200","True","384.925",""
"2026-09-04T14:07:41.8095568+00:00","200","True","332.002",""
"2026-09-04T14:07:42.8100170+00:00","200","True","430.536",""
"2026-09-04T14:07:43.8099849+00:00","200","True","524.594",""
"2026-09-04T14:07:44.8101862+00:00","200","True","248.646",""
"2026-09-04T14:07:45.8105195+00:00","200","True","256.027",""
"2026-09-04T14:07:46.8110151+00:00","200","True","308.311",""
"2026-09-04T14:07:47.8117389+00:00","200","True","410.308",""
"2026-09-04T14:07:48.8124814+00:00","200","True","277.302",""
"2026-09-04T14:07:49.8132482+00:00","200","True","246.246",""
"2026-09-04T14:07:50.8138872+00:00","200","True","259.684",""
"2026-09-04T14:07:51.8140156+00:00","200","True","261.537",""
"2026-09-04T14:07:52.8139635+00:00","200","True","247.507",""
"2026-09-04T14:07:53.8139616+00:00","200","True","566.863",""
"2026-09-04T14:07:54.8143795+00:00","200","True","286.056",""
"2026-09-04T14:07:55.8153565+00:00","200","True","294.973",""
"2026-09-04T14:07:56.8159749+00:00","200","True","269.091",""
"2026-09-04T14:07:57.8161571+00:00","200","True","293.508",""
"2026-09-04T14:07:58.8163250+00:00","200","True","293.673",""
"2026-09-04T14:07:59.8168664+00:00","200","True","302.667",""
"2026-09-04T14:08:00.8171021+00:00","200","True","283.394",""
"2026-09-04T14:08:01.8191143+00:00","200","True","352.724",""
"2026-09-04T14:08:02.8193266+00:00","200","True","353.152",""
"2026-09-04T14:08:03.8199882+00:00","200","True","310.411",""
"2026-09-04T14:08:04.8198946+00:00","200","True","374.688",""
"2026-09-04T14:08:05.8211520+00:00","200","True","574.754",""
"2026-09-04T14:08:06.8222015+00:00","200","True","353.924",""
"2026-09-04T14:08:07.8233493+00:00","200","True","292.635",""
"2026-09-04T14:08:08.8233260+00:00","200","True","298.441",""
"2026-09-04T14:08:09.8232150+00:00","200","True","348.277",""
"2026-09-04T14:08:10.8239383+00:00","200","True","261.85",""
"2026-09-04T14:08:11.8242398+00:00","200","True","361.116",""
"2026-09-04T14:08:12.8247957+00:00","200","True","280.434",""
"2026-09-04T14:08:13.8246700+00:00","200","True","322.031",""
"2026-09-04T14:08:14.8252659+00:00","200","True","339.59",""
"2026-09-04T14:08:15.8254723+00:00","200","True","270.956",""
"2026-09-04T14:08:16.8260592+00:00","200","True","376.639",""
"2026-09-04T14:08:17.8261827+00:00","200","True","327.784",""
"2026-09-04T14:08:18.8266560+00:00","200","True","387.045",""
"2026-09-04T14:08:19.8270967+00:00","200","True","347.764",""
"2026-09-04T14:08:20.8272850+00:00","200","True","278.979",""
"2026-09-04T14:08:21.8276156+00:00","200","True","259.268",""
"2026-09-04T14:08:22.8283168+00:00","200","True","418.442",""
"2026-09-04T14:08:23.8281537+00:00","200","True","542.487",""
"2026-09-04T14:08:24.8282948+00:00","200","True","289.346",""
"2026-09-04T14:08:25.8283217+00:00","200","True","262.759",""
"2026-09-04T14:08:26.8285315+00:00","200","True","373.74",""
"2026-09-04T14:08:27.8287482+00:00","200","True","853.652",""
"2026-09-04T14:08:28.8289165+00:00","200","True","305.966",""
"2026-09-04T14:08:29.8292964+00:00","200","True","332.925",""
"2026-09-04T14:08:30.8297418+00:00","200","True","329.666",""
"2026-09-04T14:08:31.8298182+00:00","200","True","368.967",""
"2026-09-04T14:08:32.8303276+00:00","200","True","359.158",""
"2026-09-04T14:08:33.8309728+00:00","200","True","369.038",""
"2026-09-04T14:08:34.8317358+00:00","200","True","297.337",""
"2026-09-04T14:08:35.8325555+00:00","200","True","328.48",""
"2026-09-04T14:08:36.8327873+00:00","200","True","272.312",""
"2026-09-04T14:08:37.8339328+00:00","200","True","443.431",""
"2026-09-04T14:08:38.8344400+00:00","200","True","251.302",""
"2026-09-04T14:08:39.8352999+00:00","200","True","251.274",""
"2026-09-04T14:08:40.8360038+00:00","200","True","255.731",""
"2026-09-04T14:08:41.8361240+00:00","200","True","294.109",""
"2026-09-04T14:08:42.8366286+00:00","200","True","256.761",""
"2026-09-04T14:08:43.8368501+00:00","200","True","426.473",""
"2026-09-04T14:08:44.8367453+00:00","200","True","428.608",""
"2026-09-04T14:08:45.8369728+00:00","200","True","403.3",""
"2026-09-04T14:08:46.8379167+00:00","200","True","374.473",""
"2026-09-04T14:08:47.8378814+00:00","200","True","251.898",""
"2026-09-04T14:08:48.8383590+00:00","200","True","269.256",""
"2026-09-04T14:08:49.8390256+00:00","200","True","329.514",""
"2026-09-04T14:08:50.8391530+00:00","200","True","331.955",""
"2026-09-04T14:08:51.8397140+00:00","200","True","241.2",""
"2026-09-04T14:08:52.8404155+00:00","200","True","421.714",""
"2026-09-04T14:08:53.8405674+00:00","200","True","516.304",""
"2026-09-04T14:08:54.8413372+00:00","200","True","152.964",""
"2026-09-04T14:08:55.8416483+00:00","200","True","388.647",""
"2026-09-04T14:08:56.8417450+00:00","200","True","245.09",""
"2026-09-04T14:08:57.8422660+00:00","200","True","280.318",""
"2026-09-04T14:08:58.8429771+00:00","200","True","296.133",""
"2026-09-04T14:08:59.8435979+00:00","200","True","259.884",""
"2026-09-04T14:09:00.8440058+00:00","200","True","397.378",""
"2026-09-04T14:09:01.8447440+00:00","200","True","258.921",""
"2026-09-04T14:09:02.8451263+00:00","200","True","332.964",""
"2026-09-04T14:09:03.8455073+00:00","200","True","339.824",""
"2026-09-04T14:09:04.8457553+00:00","200","True","429.386",""
"2026-09-04T14:09:05.8458211+00:00","200","True","263.279",""
"2026-09-04T14:09:06.8465036+00:00","200","True","273.496",""
"2026-09-04T14:09:07.8464439+00:00","200","True","610.286",""
"2026-09-04T14:09:08.8470789+00:00","200","True","168.361",""
"2026-09-04T14:09:09.8469174+00:00","200","True","339.932",""
"2026-09-04T14:09:10.8473633+00:00","200","True","275.431",""
"2026-09-04T14:09:11.8472924+00:00","200","True","546.509",""
"2026-09-04T14:09:12.8472674+00:00","200","True","181.756",""
"2026-09-04T14:09:13.8473914+00:00","200","True","324.874",""
"2026-09-04T14:09:14.8477518+00:00","200","True","311.063",""
"2026-09-04T14:09:15.8482324+00:00","200","True","243.317",""
"2026-09-04T14:09:16.8494630+00:00","200","True","321.793",""
"2026-09-04T14:09:17.8518041+00:00","200","True","379.454",""
"2026-09-04T14:09:18.8518026+00:00","200","True","254.397",""
"2026-09-04T14:09:19.8519929+00:00","200","True","263.686",""
"2026-09-04T14:09:20.8522335+00:00","200","True","258.251",""
"2026-09-04T14:09:21.8529895+00:00","200","True","339.007",""
"2026-09-04T14:09:22.8534772+00:00","200","True","300.966",""
"2026-09-04T14:09:23.8539686+00:00","200","True","632.509",""
"2026-09-04T14:09:24.8539063+00:00","200","True","189.995",""
"2026-09-04T14:09:25.8543263+00:00","200","True","293.931",""
"2026-09-04T14:09:26.8547448+00:00","200","True","264.833",""
"2026-09-04T14:09:27.8550958+00:00","200","True","390.302",""
"2026-09-04T14:09:28.8558312+00:00","200","True","264.617",""
"2026-09-04T14:09:29.8559379+00:00","200","True","271.759",""
"2026-09-04T14:09:30.8561315+00:00","200","True","382.214",""
"2026-09-04T14:09:31.8567831+00:00","200","True","437.646",""
"2026-09-04T14:09:32.8568222+00:00","200","True","343.76",""
"2026-09-04T14:09:33.8572582+00:00","200","True","415.048",""
"2026-09-04T14:09:34.8577577+00:00","200","True","286.473",""
"2026-09-04T14:09:35.8573682+00:00","200","True","260.472",""
"2026-09-04T14:09:36.8574838+00:00","200","True","322.899",""
"2026-09-04T14:09:37.8578188+00:00","200","True","261.961",""
"2026-09-04T14:09:38.8582213+00:00","200","True","378.858",""
"2026-09-04T14:09:39.8585532+00:00","200","True","249.702",""
"2026-09-04T14:09:40.8587298+00:00","200","True","413.021",""
"2026-09-04T14:09:41.8592178+00:00","200","True","254.591",""
"2026-09-04T14:09:42.8592375+00:00","200","True","332.832",""
"2026-09-04T14:09:43.8595230+00:00","200","True","279.694",""
"2026-09-04T14:09:44.8596410+00:00","200","True","332.669",""
"2026-09-04T14:09:45.8596906+00:00","200","True","380.633",""
"2026-09-04T14:09:46.8596773+00:00","200","True","285.744",""
"2026-09-04T14:09:47.8598369+00:00","200","True","364.774",""
"2026-09-04T14:09:48.8601058+00:00","200","True","512.42",""
"2026-09-04T14:09:49.8599665+00:00","200","True","127.796",""
"2026-09-04T14:09:50.8602392+00:00","200","True","307.677",""
"2026-09-04T14:09:51.8605870+00:00","200","True","242.103",""
"2026-09-04T14:09:52.8611594+00:00","200","True","370.61",""
"2026-09-04T14:09:53.8613015+00:00","200","True","475.625",""
"2026-09-04T14:09:54.8620791+00:00","200","True","255.531",""
"2026-09-04T14:09:55.8622147+00:00","200","True","358.934",""
"2026-09-04T14:09:56.8626462+00:00","200","True","382.389",""
"2026-09-04T14:09:57.8635729+00:00","200","True","303.242",""
"2026-09-04T14:09:58.8644513+00:00","200","True","248.694",""
"2026-09-04T14:09:59.8647179+00:00","200","True","422.094",""
"2026-09-04T14:10:00.8653477+00:00","200","True","268.082",""
"2026-09-04T14:10:01.8661748+00:00","200","True","313.226",""
"2026-09-04T14:10:02.8670904+00:00","200","True","318.58",""
"2026-09-04T14:10:03.8673414+00:00","200","True","354.878",""
"2026-09-04T14:10:04.8676844+00:00","200","True","980.123",""
"2026-09-04T14:10:05.8684370+00:00","200","True","186.106",""
"2026-09-04T14:10:06.8689740+00:00","200","True","381.311",""
"2026-09-04T14:10:07.8698064+00:00","200","True","313.995",""
"2026-09-04T14:10:08.8704348+00:00","200","True","355.752",""
"2026-09-04T14:10:09.8705933+00:00","200","True","306.767",""
"2026-09-04T14:10:10.8707882+00:00","200","True","241.778",""
"2026-09-04T14:10:11.8710859+00:00","200","True","325.568",""
"2026-09-04T14:10:12.8710837+00:00","200","True","241.361",""
"2026-09-04T14:10:13.8719265+00:00","200","True","423.568",""
"2026-09-04T14:10:14.8719139+00:00","200","True","369.819",""
"2026-09-04T14:10:15.8721798+00:00","200","True","523.856",""
"2026-09-04T14:10:16.8725907+00:00","200","True","252.814",""
"2026-09-04T14:10:17.8728129+00:00","200","True","265.114",""
"2026-09-04T14:10:18.8734149+00:00","200","True","388.996",""
"2026-09-04T14:10:19.8738543+00:00","200","True","240.159",""
"2026-09-04T14:10:20.8745882+00:00","200","True","333.399",""
"2026-09-04T14:10:21.8753968+00:00","200","True","268.376",""
"2026-09-04T14:10:22.8761776+00:00","200","True","240.5",""
"2026-09-04T14:10:23.8762532+00:00","200","True","364.759",""
"2026-09-04T14:10:24.8764587+00:00","200","True","333.331",""
"2026-09-04T14:10:25.8772420+00:00","200","True","238.282",""
"2026-09-04T14:10:26.8779493+00:00","200","True","321.843",""
"2026-09-04T14:10:27.8784744+00:00","200","True","415.536",""
"2026-09-04T14:10:28.8785948+00:00","200","True","475.957",""
"2026-09-04T14:10:29.8790582+00:00","200","True","397.034",""
"2026-09-04T14:10:30.8796139+00:00","200","True","368.169",""
"2026-09-04T14:10:31.8802282+00:00","200","True","458.569",""
"2026-09-04T14:10:32.8803068+00:00","200","True","459.94",""
"2026-09-04T14:10:33.8807097+00:00","200","True","649.055",""
"2026-09-04T14:10:34.8812795+00:00","200","True","473.69",""
"2026-09-04T14:10:35.8815389+00:00","200","True","821.876",""
"2026-09-04T14:10:36.8818579+00:00","200","True","622.795",""
"2026-09-04T14:10:37.8853067+00:00","200","True","302.272",""
"2026-09-04T14:10:38.8861466+00:00","200","True","499.355",""
"2026-09-04T14:10:39.8862676+00:00","200","True","461.293",""
"2026-09-04T14:10:40.8871290+00:00","200","True","508.283",""
"2026-09-04T14:10:41.8880133+00:00","200","True","935.144",""
"2026-09-04T14:10:42.8886935+00:00","200","True","1076.111",""
"2026-09-04T14:10:43.9649309+00:00","200","True","280.507",""
"2026-09-04T14:10:44.9649197+00:00","200","True","376.134",""
"2026-09-04T14:10:45.9655352+00:00","200","True","842.17",""
"2026-09-04T14:10:46.9662127+00:00","200","True","449.222",""
"2026-09-04T14:10:47.9670417+00:00","200","True","559.224",""
"2026-09-04T14:10:48.9678758+00:00","200","True","311.984",""
"2026-09-04T14:10:49.9684825+00:00","200","True","568.964",""
"2026-09-04T14:10:50.9689860+00:00","200","True","235.735",""
"2026-09-04T14:10:51.9693260+00:00","200","True","346.69",""
"2026-09-04T14:10:52.9696328+00:00","200","True","675.998",""
"2026-09-04T14:10:53.9701346+00:00","200","True","244.794",""
"2026-09-04T14:10:54.9704172+00:00","200","True","319.813",""
"2026-09-04T14:10:55.9706496+00:00","200","True","317.336",""
"2026-09-04T14:10:56.9713764+00:00","200","True","431.221",""
"2026-09-04T14:10:57.9722755+00:00","200","True","444.406",""
"2026-09-04T14:10:58.9723113+00:00","200","True","349.778",""
"2026-09-04T14:10:59.9725888+00:00","200","True","400.092",""
"2026-09-04T14:11:00.9731510+00:00","200","True","342.007",""
"2026-09-04T14:11:01.9737256+00:00","200","True","372.274",""
"2026-09-04T14:11:02.9744794+00:00","200","True","529.737",""
"2026-09-04T14:11:03.9746016+00:00","200","True","423.832",""
"2026-09-04T14:11:04.9750843+00:00","200","True","500.49",""
"2026-09-04T14:11:05.9760875+00:00","200","True","1189.785",""
"2026-09-04T14:11:07.1660131+00:00","200","True","326.966",""
"2026-09-04T14:11:08.1664232+00:00","200","True","407.748",""
"2026-09-04T14:11:09.1667005+00:00","200","True","462.65",""
"2026-09-04T14:11:10.1668620+00:00","200","True","705.816",""
"2026-09-04T14:11:11.1673555+00:00","200","True","607.254",""
"2026-09-04T14:11:12.1684106+00:00","200","True","548.312",""
"2026-09-04T14:11:13.1693777+00:00","200","True","655.522",""
"2026-09-04T14:11:14.1694865+00:00","200","True","656.717",""
"2026-09-04T14:11:15.1696518+00:00","200","True","601.436",""
"2026-09-04T14:11:16.1696573+00:00","200","True","723.149",""
"2026-09-04T14:11:17.1702221+00:00","200","True","672.684",""
"2026-09-04T14:11:18.1704081+00:00","200","True","822.704",""
"2026-09-04T14:11:19.1705637+00:00","200","True","519.887",""
"2026-09-04T14:11:20.1709231+00:00","200","True","417.769",""
"2026-09-04T14:11:21.1712528+00:00","200","True","583.331",""
"2026-09-04T14:11:22.1741392+00:00","200","True","213.918",""
"2026-09-04T14:11:23.1744745+00:00","200","True","482.886",""
"2026-09-04T14:11:24.1750361+00:00","200","True","521.314",""
"2026-09-04T14:11:25.1758679+00:00","200","True","714.823",""
"2026-09-04T14:11:26.1761802+00:00","200","True","567.381",""
"2026-09-04T14:11:27.1765136+00:00","200","True","444.913",""
"2026-09-04T14:11:28.1772575+00:00","200","True","441.126",""
"2026-09-04T14:11:29.1779416+00:00","200","True","364.544",""
"2026-09-04T14:11:30.1779402+00:00","200","True","493.701",""
"2026-09-04T14:11:31.1781372+00:00","200","True","522.041",""
"2026-09-04T14:11:32.1786746+00:00","200","True","597.75",""
"2026-09-04T14:11:33.1789006+00:00","200","True","635.55",""
"2026-09-04T14:11:34.1790565+00:00","200","True","242.422",""
"2026-09-04T14:11:35.1791205+00:00","200","True","644.008",""
"2026-09-04T14:11:36.1797302+00:00","200","True","361.73",""
"2026-09-04T14:11:37.1798162+00:00","200","True","582.434",""
"2026-09-04T14:11:38.1796832+00:00","200","True","351.681",""
"2026-09-04T14:11:39.1798279+00:00","200","True","842.346",""
"2026-09-04T14:11:40.1806119+00:00","200","True","799.731",""
"2026-09-04T14:11:41.1808305+00:00","200","True","754.2",""
"2026-09-04T14:11:42.1816930+00:00","200","True","607.23",""
"2026-09-04T14:11:43.1825602+00:00","200","True","1244.035",""
"2026-09-04T14:11:44.4267465+00:00","200","True","423.956",""
"2026-09-04T14:11:45.4274760+00:00","200","True","779.821",""
"2026-09-04T14:11:46.4277711+00:00","200","True","404.77",""
"2026-09-04T14:11:47.4280711+00:00","200","True","791.418",""
"2026-09-04T14:11:48.4279407+00:00","200","True","267.621",""
"2026-09-04T14:11:49.4280570+00:00","200","True","461.525",""
"2026-09-04T14:11:50.4279894+00:00","200","True","464.635",""
"2026-09-04T14:11:51.4280886+00:00","200","True","417.633",""
"2026-09-04T14:11:52.4281242+00:00","200","True","278.807",""
"2026-09-04T14:11:53.4284711+00:00","200","True","759.556",""
"2026-09-04T14:11:54.4284245+00:00","200","True","220.664",""
"2026-09-04T14:11:55.4285689+00:00","200","True","259.087",""
"2026-09-04T14:11:56.4294580+00:00","200","True","304.604",""
"2026-09-04T14:11:57.4295250+00:00","200","True","286",""
"2026-09-04T14:11:58.4299864+00:00","200","True","1035.105",""
"2026-09-04T14:11:59.4652378+00:00","200","True","259.233",""
"2026-09-04T14:12:00.4658444+00:00","200","True","366.694",""
"2026-09-04T14:12:01.4659869+00:00","200","True","403.763",""
"2026-09-04T14:12:02.4664163+00:00","200","True","592.976",""
"2026-09-04T14:12:03.4664920+00:00","200","True","333.167",""
"2026-09-04T14:12:04.4671611+00:00","200","True","474.887",""
"2026-09-04T14:12:05.4682291+00:00","200","True","488.093",""
"2026-09-04T14:12:06.4687956+00:00","200","True","752.803",""
"2026-09-04T14:12:07.4693944+00:00","200","True","235.232",""
"2026-09-04T14:12:08.4701894+00:00","200","True","618.155",""
"2026-09-04T14:12:09.4708321+00:00","200","True","369.629",""
"2026-09-04T14:12:10.4710365+00:00","200","True","359.072",""
"2026-09-04T14:12:11.4716662+00:00","200","True","424.68",""
"2026-09-04T14:12:12.4718919+00:00","200","True","550.769",""
"2026-09-04T14:12:13.4722033+00:00","200","True","199.239",""
"2026-09-04T14:12:14.4728270+00:00","200","True","487.578",""
"2026-09-04T14:12:15.4728695+00:00","200","True","490.462",""
"2026-09-04T14:12:16.4728202+00:00","200","True","365.76",""
"2026-09-04T14:12:17.4730260+00:00","200","True","302.591",""
"2026-09-04T14:12:18.4730989+00:00","200","True","450.735",""
"2026-09-04T14:12:19.4734079+00:00","200","True","915.338",""
"2026-09-04T14:12:20.4742795+00:00","200","True","353.987",""
"2026-09-04T14:12:21.4746490+00:00","200","True","413.058",""
"2026-09-04T14:12:22.4751543+00:00","200","True","820.101",""
"2026-09-04T14:12:23.4756691+00:00","200","True","238.686",""
"2026-09-04T14:12:24.4757651+00:00","200","True","534.97",""
"2026-09-04T14:12:25.4762335+00:00","200","True","678.737",""
"2026-09-04T14:12:26.4766112+00:00","200","True","400.958",""
"2026-09-04T14:12:27.4771154+00:00","200","True","567.502",""
"2026-09-04T14:12:28.4771122+00:00","200","True","337.254",""
"2026-09-04T14:12:29.4794541+00:00","200","True","481.306",""
"2026-09-04T14:12:30.4793803+00:00","200","True","380.136",""
"2026-09-04T14:12:31.4802268+00:00","200","True","490.443",""
"2026-09-04T14:12:32.4802019+00:00","200","True","380.998",""
"2026-09-04T14:12:33.4806330+00:00","200","True","509.879",""
"2026-09-04T14:12:34.4812317+00:00","200","True","259.931",""
"2026-09-04T14:12:35.4819236+00:00","200","True","293.838",""
"2026-09-04T14:12:36.4825654+00:00","200","True","327.811",""
"2026-09-04T14:12:37.4827887+00:00","200","True","329.311",""
"2026-09-04T14:12:38.4837820+00:00","200","True","388.836",""
"2026-09-04T14:12:39.4842847+00:00","200","True","308.524",""
"2026-09-04T14:12:40.4843220+00:00","200","True","330.005",""
"2026-09-04T14:12:41.4852663+00:00","200","True","334.581",""
"2026-09-04T14:12:42.4857786+00:00","200","True","445.265",""
"2026-09-04T14:12:43.4868803+00:00","200","True","338.914",""
"2026-09-04T14:12:44.4873008+00:00","200","True","465.166",""
"2026-09-04T14:12:45.4880389+00:00","200","True","494.395",""
"2026-09-04T14:12:46.4888241+00:00","200","True","383.004",""
"2026-09-04T14:12:47.4892740+00:00","200","True","384.214",""
"2026-09-04T14:12:48.4900373+00:00","200","True","556.519",""
"2026-09-04T14:12:49.4899281+00:00","200","True","183.675",""
"2026-09-04T14:12:50.4899999+00:00","200","True","398.935",""
"2026-09-04T14:12:51.4903744+00:00","200","True","649.474",""
"2026-09-04T14:12:52.4902839+00:00","200","True","477.136",""
"2026-09-04T14:12:53.4909908+00:00","200","True","402.237",""
"2026-09-04T14:12:54.4919071+00:00","200","True","354.201",""
"2026-09-04T14:12:55.4925616+00:00","200","True","372.499",""
"2026-09-04T14:12:56.4924555+00:00","200","True","234.997",""
"2026-09-04T14:12:57.4929073+00:00","200","True","255.178",""
"2026-09-04T14:12:58.4934532+00:00","200","True","411.85",""
"2026-09-04T14:12:59.4936873+00:00","200","True","272.454",""
"2026-09-04T14:13:00.4936542+00:00","200","True","358.538",""
"2026-09-04T14:13:01.4939887+00:00","200","True","261.624",""
"2026-09-04T14:13:02.4941117+00:00","200","True","301.675",""
"2026-09-04T14:13:03.4943279+00:00","200","True","326.624",""
"2026-09-04T14:13:04.4944692+00:00","200","True","262.657",""
"2026-09-04T14:13:05.5057552+00:00","200","True","310.007",""
"2026-09-04T14:13:06.5068229+00:00","200","True","255.422",""
"2026-09-04T14:13:07.5069608+00:00","200","True","307.385",""
"2026-09-04T14:13:08.5071442+00:00","200","True","381.635",""
"2026-09-04T14:13:09.5076162+00:00","200","True","314.993",""
"2026-09-04T14:13:10.5081166+00:00","200","True","280.27",""
"2026-09-04T14:13:11.5089955+00:00","200","True","305.179",""
"2026-09-04T14:13:12.5090190+00:00","200","True","322.599",""
"2026-09-04T14:13:13.5091690+00:00","200","True","287.028",""
"2026-09-04T14:13:14.5098490+00:00","200","True","385.041",""
"2026-09-04T14:13:15.5107669+00:00","200","True","395.972",""
"2026-09-04T14:13:16.5114141+00:00","200","True","363.692",""
"2026-09-04T14:13:17.5117054+00:00","200","True","336.899",""
"2026-09-04T14:13:18.5124049+00:00","200","True","261.123",""
"2026-09-04T14:13:19.5129955+00:00","200","True","238.008",""
"2026-09-04T14:13:20.5136094+00:00","200","True","234.352",""
"2026-09-04T14:13:21.5147016+00:00","200","True","330.504",""
"2026-09-04T14:13:22.5152407+00:00","200","True","256.355",""
"2026-09-04T14:13:23.5153964+00:00","200","True","328.187",""
"2026-09-04T14:13:24.5269755+00:00","200","True","239.712",""
"2026-09-04T14:13:25.5271375+00:00","200","True","422.504",""
"2026-09-04T14:13:26.5278296+00:00","200","True","248.164",""
"2026-09-04T14:13:27.5286377+00:00","200","True","267.27",""
"2026-09-04T14:13:28.5294127+00:00","200","True","316.402",""
"2026-09-04T14:13:29.5295754+00:00","200","True","403.952",""
"2026-09-04T14:13:30.5301935+00:00","200","True","329.763",""
"2026-09-04T14:13:31.5304573+00:00","200","True","489.488",""
"2026-09-04T14:13:32.5306543+00:00","200","True","307.3",""
"2026-09-04T14:13:33.5309856+00:00","200","True","297.652",""
"2026-09-04T14:13:34.5313016+00:00","200","True","296.126",""
"2026-09-04T14:13:35.5322933+00:00","200","True","251.535",""
"2026-09-04T14:13:36.5325468+00:00","200","True","276.899",""
"2026-09-04T14:13:37.5328673+00:00","200","True","470.807",""
"2026-09-04T14:13:38.5335006+00:00","200","True","289.292",""
"2026-09-04T14:13:39.5344369+00:00","200","True","256.285",""
"2026-09-04T14:13:40.5345134+00:00","200","True","292.176",""
"2026-09-04T14:13:41.5355244+00:00","200","True","378.133",""
"2026-09-04T14:13:42.5361598+00:00","200","True","241.598",""
"2026-09-04T14:13:43.5363915+00:00","200","True","277.964",""
"2026-09-04T14:13:44.5372600+00:00","200","True","242.108",""
"2026-09-04T14:13:45.5378802+00:00","200","True","368.913",""
"2026-09-04T14:13:46.5386082+00:00","200","True","393.377",""
"2026-09-04T14:13:47.5397750+00:00","200","True","314.091",""
"2026-09-04T14:13:48.5406668+00:00","200","True","359.961",""
"2026-09-04T14:13:49.5410408+00:00","200","True","235.396",""
"2026-09-04T14:13:50.5418546+00:00","200","True","234.423",""
"2026-09-04T14:13:51.5417071+00:00","200","True","342.298",""
"2026-09-04T14:13:52.5425073+00:00","200","True","341.713",""
"2026-09-04T14:13:53.5426957+00:00","200","True","350.844",""
"2026-09-04T14:13:54.5430463+00:00","200","True","342.916",""
"2026-09-04T14:13:55.5438851+00:00","200","True","261.992",""
"2026-09-04T14:13:56.5442648+00:00","200","True","332.222",""
"2026-09-04T14:13:57.5450451+00:00","200","True","245.08",""
"2026-09-04T14:13:58.5456111+00:00","200","True","375.709",""
"2026-09-04T14:13:59.5458772+00:00","200","True","236.273",""
"2026-09-04T14:14:00.5466786+00:00","200","True","412.575",""
"2026-09-04T14:14:01.5466339+00:00","200","True","248.216",""
"2026-09-04T14:14:02.5472811+00:00","200","True","266.605",""
"2026-09-04T14:14:03.5472897+00:00","200","True","279.389",""
"2026-09-04T14:14:04.5471169+00:00","200","True","259.044",""
"2026-09-04T14:14:05.5489066+00:00","200","True","289.139",""
"2026-09-04T14:14:06.5494776+00:00","200","True","273.649",""
"2026-09-04T14:14:07.5499126+00:00","200","True","273.564",""
"2026-09-04T14:14:08.5525968+00:00","200","True","389.569",""
"2026-09-04T14:14:09.5530455+00:00","200","True","370.799",""
"2026-09-04T14:14:10.5534699+00:00","200","True","241.577",""
"2026-09-04T14:14:11.5538503+00:00","200","True","363.505",""
"2026-09-04T14:14:12.5538903+00:00","200","True","297.473",""
"2026-09-04T14:14:13.5542083+00:00","200","True","325.211",""
"2026-09-04T14:14:14.5551165+00:00","200","True","548.389",""
"2026-09-04T14:14:15.5553883+00:00","200","True","243.495",""
"2026-09-04T14:14:16.5553003+00:00","200","True","381.985",""
"2026-09-04T14:14:17.5559577+00:00","200","True","718.467",""
"2026-09-04T14:14:18.5564125+00:00","200","True","170.428",""
"2026-09-04T14:14:19.5563371+00:00","200","True","370.409",""
"2026-09-04T14:14:20.5561551+00:00","200","True","303.707",""
"2026-09-04T14:14:21.5564879+00:00","200","True","514.447",""
"2026-09-04T14:14:22.5569571+00:00","200","True","418.447",""
"2026-09-04T14:14:23.5569558+00:00","200","True","348.551",""
"2026-09-04T14:14:24.5570445+00:00","200","True","421.229",""
"2026-09-04T14:14:25.5583974+00:00","200","True","311.637",""
"2026-09-04T14:14:26.5585150+00:00","200","True","412.128",""
"2026-09-04T14:14:27.5591839+00:00","200","True","335.021",""
"2026-09-04T14:14:28.5598992+00:00","200","True","456.656",""
"2026-09-04T14:14:29.5599475+00:00","200","True","323.661",""
"2026-09-04T14:14:30.5600722+00:00","200","True","423.607",""
"2026-09-04T14:14:31.5601141+00:00","200","True","313.191",""
"2026-09-04T14:14:32.5607683+00:00","200","True","367.092",""
"2026-09-04T14:14:33.5614461+00:00","200","True","316.274",""
"2026-09-04T14:14:34.5623061+00:00","200","True","417.984",""
"2026-09-04T14:14:35.5627427+00:00","200","True","365.806",""
"2026-09-04T14:14:36.5631624+00:00","200","True","413.037",""
"2026-09-04T14:14:37.5636886+00:00","200","True","482.502",""
"2026-09-04T14:14:38.5639116+00:00","200","True","376.667",""
"2026-09-04T14:14:39.5642092+00:00","200","True","411.851",""
"2026-09-04T14:14:40.5644458+00:00","200","True","284.664",""
"2026-09-04T14:14:41.5648600+00:00","200","True","274.17",""
"2026-09-04T14:14:42.5659229+00:00","200","True","378.565",""
"2026-09-04T14:14:43.5658534+00:00","200","True","265.965",""
"2026-09-04T14:14:44.5663178+00:00","200","True","327.265",""
"2026-09-04T14:14:45.5670632+00:00","200","True","341.107",""
"2026-09-04T14:14:46.5676145+00:00","200","True","287.119",""
"2026-09-04T14:14:47.5675483+00:00","200","True","403.243",""
"2026-09-04T14:14:48.5683363+00:00","200","True","473.101",""
"2026-09-04T14:14:49.5695484+00:00","200","True","264.198",""
"2026-09-04T14:14:50.5723447+00:00","200","True","262.719",""
"2026-09-04T14:14:51.5727914+00:00","200","True","307.083",""
"2026-09-04T14:14:52.5736076+00:00","200","True","408.544",""
"2026-09-04T14:14:53.5737440+00:00","200","True","327.428",""
"2026-09-04T14:14:54.5738200+00:00","200","True","317.969",""
"2026-09-04T14:14:55.5743723+00:00","200","True","351.042",""
"2026-09-04T14:14:56.5750369+00:00","200","True","336.652",""
"2026-09-04T14:14:57.5751703+00:00","200","True","329.47",""
"2026-09-04T14:14:58.5752780+00:00","200","True","309.121",""
"2026-09-04T14:14:59.5762241+00:00","200","True","365.85",""
"2026-09-04T14:15:00.5764826+00:00","200","True","353.768",""
"2026-09-04T14:15:01.5766913+00:00","200","True","267.163",""
"2026-09-04T14:15:02.5773783+00:00","200","True","333.839",""
"2026-09-04T14:15:03.5776932+00:00","200","True","465.954",""
"2026-09-04T14:15:04.5783327+00:00","200","True","243.023",""
"2026-09-04T14:15:05.5788938+00:00","200","True","302.094",""
"2026-09-04T14:15:06.5795005+00:00","200","True","329.986",""
"2026-09-04T14:15:07.5802833+00:00","200","True","239.066",""
"2026-09-04T14:15:08.5808863+00:00","200","True","284.099",""
"2026-09-04T14:15:09.5816687+00:00","200","True","254.761",""
"2026-09-04T14:15:10.5820244+00:00","200","True","318.458",""
"2026-09-04T14:15:11.5822024+00:00","200","True","261.545",""
"2026-09-04T14:15:12.5826300+00:00","200","True","261.93",""
"2026-09-04T14:15:13.5830105+00:00","200","True","392.566",""
"2026-09-04T14:15:14.5830973+00:00","200","True","256.868",""
"2026-09-04T14:15:15.5836954+00:00","200","True","262.892",""
"2026-09-04T14:15:16.5840069+00:00","200","True","273.251",""
"2026-09-04T14:15:17.5846652+00:00","200","True","382.439",""
"2026-09-04T14:15:18.5845177+00:00","200","True","610.418",""
"2026-09-04T14:15:19.5842888+00:00","200","True","128.232",""
"2026-09-04T14:15:20.5851012+00:00","200","True","315.446",""
"2026-09-04T14:15:21.5854019+00:00","200","True","341.076",""
"2026-09-04T14:15:22.5859747+00:00","200","True","244.994",""
"2026-09-04T14:15:23.5867802+00:00","200","True","258.328",""
"2026-09-04T14:15:24.5876701+00:00","200","True","340.574",""
"2026-09-04T14:15:25.5879473+00:00","200","True","363.894",""
"2026-09-04T14:15:26.5886139+00:00","200","True","386.91",""
"2026-09-04T14:15:27.5891169+00:00","200","True","410.54",""
"2026-09-04T14:15:28.5892167+00:00","200","True","473.621",""
"2026-09-04T14:15:29.5893724+00:00","200","True","253.146",""
"2026-09-04T14:15:30.5901165+00:00","200","True","295.741",""
"2026-09-04T14:15:31.5904544+00:00","200","True","235.029",""
"2026-09-04T14:15:32.5914856+00:00","200","True","284.762",""
"2026-09-04T14:15:33.5917018+00:00","200","True","252.206",""
"2026-09-04T14:15:34.5922889+00:00","200","True","327.354",""
"2026-09-04T14:15:35.5925457+00:00","200","True","291.708",""
"2026-09-04T14:15:36.5930804+00:00","200","True","321.747",""
"2026-09-04T14:15:37.5932110+00:00","200","True","319.118",""
"2026-09-04T14:15:38.5938137+00:00","200","True","332.556",""
"2026-09-04T14:15:39.5937857+00:00","200","True","285.388",""
"2026-09-04T14:15:40.5937655+00:00","200","True","413.006",""
"2026-09-04T14:15:41.5943914+00:00","200","True","331.806",""
"2026-09-04T14:15:42.5945821+00:00","200","True","235.848",""
"2026-09-04T14:15:43.5950618+00:00","200","True","279.807",""
"2026-09-04T14:15:44.5954206+00:00","200","True","366.78",""
"2026-09-04T14:15:45.5956768+00:00","200","True","252.027",""
"2026-09-04T14:15:46.5961894+00:00","200","True","237.228",""
"2026-09-04T14:15:47.5968752+00:00","200","True","366.186",""
"2026-09-04T14:15:48.5975027+00:00","200","True","234.365",""
"2026-09-04T14:15:49.5983994+00:00","200","True","417.408",""
"2026-09-04T14:15:50.5983847+00:00","200","True","340.106",""
"2026-09-04T14:15:51.5989868+00:00","200","True","243.388",""
"2026-09-04T14:15:52.5998404+00:00","200","True","260.931",""
"2026-09-04T14:15:53.6002284+00:00","200","True","235.647",""
"2026-09-04T14:15:54.6003943+00:00","200","True","309.178",""
"2026-09-04T14:15:55.6012493+00:00","200","True","259.076",""
"2026-09-04T14:15:56.6017664+00:00","200","True","377.8",""
"2026-09-04T14:15:57.6020155+00:00","200","True","507.19",""
"2026-09-04T14:15:58.6026577+00:00","200","True","324.047",""
"2026-09-04T14:15:59.6031217+00:00","200","True","346.928",""
"2026-09-04T14:16:00.6042408+00:00","200","True","238.311",""
"2026-09-04T14:16:01.6054559+00:00","200","True","305.794",""
"2026-09-04T14:16:02.6061032+00:00","200","True","419.803",""
"2026-09-04T14:16:03.6066448+00:00","200","True","469.486",""
"2026-09-04T14:16:04.6073645+00:00","200","True","311.816",""
"2026-09-04T14:16:05.6078563+00:00","200","True","261.371",""
"2026-09-04T14:16:06.6082623+00:00","200","True","242.24",""
"2026-09-04T14:16:07.6101212+00:00","200","True","288.227",""
"2026-09-04T14:16:08.6110713+00:00","200","True","259.688",""
"2026-09-04T14:16:09.6113695+00:00","200","True","283.863",""
"2026-09-04T14:16:10.6117542+00:00","200","True","238.36",""
"2026-09-04T14:16:11.6115714+00:00","200","True","320.244",""
"2026-09-04T14:16:12.6122680+00:00","200","True","358.487",""
"2026-09-04T14:16:13.6124577+00:00","200","True","263.338",""
"2026-09-04T14:16:14.6132942+00:00","200","True","305.834",""
"2026-09-04T14:16:15.6137614+00:00","200","True","284.258",""
"2026-09-04T14:16:16.6144526+00:00","200","True","452.698",""
"2026-09-04T14:16:17.6145791+00:00","200","True","279.797",""
"2026-09-04T14:16:18.6148381+00:00","200","True","437.708",""
"2026-09-04T14:16:19.6152885+00:00","200","True","317.315",""
"2026-09-04T14:16:20.6162051+00:00","200","True","324.372",""
"2026-09-04T14:16:21.6171893+00:00","200","True","246.583",""
"2026-09-04T14:16:22.6175022+00:00","200","True","235.818",""
"2026-09-04T14:16:23.6178249+00:00","200","True","266.825",""
"2026-09-04T14:16:24.6182475+00:00","200","True","279.424",""
"2026-09-04T14:16:25.6181183+00:00","200","True","239.013",""
"2026-09-04T14:16:26.6186796+00:00","200","True","270.889",""
"2026-09-04T14:16:27.6191215+00:00","200","True","301.123",""
"2026-09-04T14:16:28.6202499+00:00","200","True","433.268",""
"2026-09-04T14:16:29.6211696+00:00","200","True","242.395",""
"2026-09-04T14:16:30.6212575+00:00","200","True","236.073",""
"2026-09-04T14:16:31.6220802+00:00","200","True","313.029",""
"2026-09-04T14:16:32.6225602+00:00","200","True","305.774",""
"2026-09-04T14:16:33.6228842+00:00","200","True","425.923",""
"2026-09-04T14:16:34.6232789+00:00","200","True","363.838",""
"2026-09-04T14:16:35.6236104+00:00","200","True","662.46",""
"2026-09-04T14:16:36.6236464+00:00","200","True","155.609",""
"2026-09-04T14:16:37.6238879+00:00","200","True","780.288",""
"2026-09-04T14:16:38.6249150+00:00","200","True","147.388",""
"2026-09-04T14:16:39.6249466+00:00","200","True","387.842",""
"2026-09-04T14:16:40.6252341+00:00","200","True","290.624",""
"2026-09-04T14:16:41.6254529+00:00","200","True","237.973",""
"2026-09-04T14:16:42.6288173+00:00","200","True","257.102",""
"2026-09-04T14:16:43.6297832+00:00","200","True","400.874",""
"2026-09-04T14:16:44.6306856+00:00","200","True","270.134",""
"2026-09-04T14:16:45.6313406+00:00","200","True","255.562",""
"2026-09-04T14:16:46.6314302+00:00","200","True","233.205",""
"2026-09-04T14:16:47.6321971+00:00","200","True","568.026",""
"2026-09-04T14:16:48.6328841+00:00","200","True","172.104",""
"2026-09-04T14:16:49.6333933+00:00","200","True","295.318",""
"2026-09-04T14:16:50.6335829+00:00","200","True","414.292",""
"2026-09-04T14:16:51.6344544+00:00","200","True","334.17",""
"2026-09-04T14:16:52.6353114+00:00","200","True","256.911",""
"2026-09-04T14:16:53.6359119+00:00","200","True","278.97",""
"2026-09-04T14:16:54.6366832+00:00","200","True","263.956",""
"2026-09-04T14:16:55.6375577+00:00","200","True","268.312",""
"2026-09-04T14:16:56.6376049+00:00","200","True","350.54",""
"2026-09-04T14:16:57.6378816+00:00","200","True","273.638",""
"2026-09-04T14:16:58.6383422+00:00","200","True","398.054",""
"2026-09-04T14:16:59.6391347+00:00","200","True","253.128",""
"2026-09-04T14:17:00.6401551+00:00","200","True","340.831",""
"2026-09-04T14:17:01.6404913+00:00","200","True","263.485",""
"2026-09-04T14:17:02.6406117+00:00","200","True","285.041",""
"2026-09-04T14:17:03.6410822+00:00","200","True","309.137",""
"2026-09-04T14:17:04.6417610+00:00","200","True","237.755",""
"2026-09-04T14:17:05.6421406+00:00","200","True","285.003",""
"2026-09-04T14:17:06.6426337+00:00","200","True","484.882",""
"2026-09-04T14:17:07.6429676+00:00","200","True","434.014",""
"2026-09-04T14:17:08.6435197+00:00","200","True","255.381",""
"2026-09-04T14:17:09.6444323+00:00","200","True","261.974",""
"2026-09-04T14:17:10.6449024+00:00","200","True","342.108",""
"2026-09-04T14:17:11.6454865+00:00","200","True","239.704",""
"2026-09-04T14:17:12.6456354+00:00","200","True","240.629",""
"2026-09-04T14:17:13.6462456+00:00","200","True","269.932",""
"2026-09-04T14:17:14.6468877+00:00","200","True","373.584",""
"2026-09-04T14:17:15.6484410+00:00","200","True","317.094",""
"2026-09-04T14:17:16.6576578+00:00","200","True","291.516",""
"2026-09-04T14:17:17.6583483+00:00","200","True","589.306",""
"2026-09-04T14:17:18.6671303+00:00","200","True","387.792",""
"2026-09-04T14:17:19.6679214+00:00","200","True","240.489",""
"2026-09-04T14:17:20.6693987+00:00","200","True","256.603",""
"2026-09-04T14:17:21.6707103+00:00","200","True","246.783",""
"2026-09-04T14:17:22.6713858+00:00","200","True","271.497",""
"2026-09-04T14:17:23.6715218+00:00","200","True","247.152",""
"2026-09-04T14:17:24.6722445+00:00","200","True","416.207",""
"2026-09-04T14:17:25.6763440+00:00","200","True","239.791",""
"2026-09-04T14:17:26.6773361+00:00","200","True","314.395",""
"2026-09-04T14:17:27.6772891+00:00","200","True","281.523",""
"2026-09-04T14:17:28.6791618+00:00","200","True","370.895",""
"2026-09-04T14:17:29.6795249+00:00","200","True","283.145",""
"2026-09-04T14:17:30.6803242+00:00","200","True","363.875",""
"2026-09-04T14:17:31.6805864+00:00","200","True","277.361",""
"2026-09-04T14:17:32.6808115+00:00","200","True","313.714",""
"2026-09-04T14:17:33.6810016+00:00","200","True","240.274",""
"2026-09-04T14:17:34.6810910+00:00","200","True","388.645",""
"2026-09-04T14:17:35.6811455+00:00","200","True","337.875",""
"2026-09-04T14:17:36.6814464+00:00","200","True","269.536",""
"2026-09-04T14:17:37.6816829+00:00","200","True","369.384",""
"2026-09-04T14:17:38.6817690+00:00","200","True","318.566",""
"2026-09-04T14:17:39.6819644+00:00","200","True","238.376",""
"2026-09-04T14:17:40.6819449+00:00","200","True","272.118",""
"2026-09-04T14:17:41.6826436+00:00","200","True","360.646",""
"2026-09-04T14:17:42.6826984+00:00","200","True","305.457",""
"2026-09-04T14:17:43.6827960+00:00","200","True","238.87",""
"2026-09-04T14:17:44.6835587+00:00","200","True","252.132",""
"2026-09-04T14:17:45.6841713+00:00","200","True","352.813",""
"2026-09-04T14:17:46.6844696+00:00","200","True","287.761",""
"2026-09-04T14:17:47.6851585+00:00","200","True","504.837",""
"2026-09-04T14:17:48.6858213+00:00","200","True","533.227",""
"2026-09-04T14:17:49.6867287+00:00","200","True","296.707",""
"2026-09-04T14:17:50.6870426+00:00","200","True","470.607",""
"2026-09-04T14:17:51.6874737+00:00","200","True","387.204",""
"2026-09-04T14:17:52.6884244+00:00","200","True","499.974",""
"2026-09-04T14:17:53.6892589+00:00","200","True","252.916",""
"2026-09-04T14:17:54.6899793+00:00","200","True","318.64",""
"2026-09-04T14:17:55.6900294+00:00","200","True","372.147",""
"2026-09-04T14:17:56.6905579+00:00","200","True","405.364",""
"2026-09-04T14:17:57.6913718+00:00","200","True","641.85",""
"2026-09-04T14:17:58.6918802+00:00","200","True","555.856",""
"2026-09-04T14:17:59.6921978+00:00","200","True","590.718",""
"2026-09-04T14:18:00.6923419+00:00","200","True","405.735",""
"2026-09-04T14:18:01.6925475+00:00","200","True","397.75",""
"2026-09-04T14:18:02.6927950+00:00","200","True","555.94",""
"2026-09-04T14:18:03.6933200+00:00","200","True","476.424",""
"2026-09-04T14:18:04.6933549+00:00","200","True","494.009",""
"2026-09-04T14:18:05.6938549+00:00","200","True","973.112",""
"2026-09-04T14:18:06.6945461+00:00","200","True","540.066",""
"2026-09-04T14:18:07.6950739+00:00","200","True","797.794",""
"2026-09-04T14:18:08.6954908+00:00","200","True","464.339",""
"2026-09-04T14:18:09.7013801+00:00","200","True","458.209",""
"2026-09-04T14:18:10.7024035+00:00","200","True","628.096",""
"2026-09-04T14:18:11.7029916+00:00","200","True","453.872",""
"2026-09-04T14:18:12.7032736+00:00","200","True","510.887",""
"2026-09-04T14:18:13.7039251+00:00","200","True","766.236",""
"2026-09-04T14:18:14.7038923+00:00","200","True","440.701",""
"2026-09-04T14:18:15.7044300+00:00","200","True","1797.123",""
"2026-09-04T14:18:17.5016838+00:00","200","True","469.773",""
"2026-09-04T14:18:18.5020628+00:00","200","True","384.025",""
"2026-09-04T14:18:19.5027683+00:00","200","True","325.955",""
"2026-09-04T14:18:20.5033057+00:00","200","True","667.346",""
"2026-09-04T14:18:21.5042382+00:00","200","True","477.426",""
"2026-09-04T14:18:22.5044347+00:00","200","True","809.187",""
"2026-09-04T14:18:23.5055017+00:00","200","True","899.529",""
"2026-09-04T14:18:24.5059789+00:00","200","True","385.972",""
"2026-09-04T14:18:25.5066051+00:00","200","True","467.456",""
"2026-09-04T14:18:26.5069191+00:00","200","True","447.228",""
"2026-09-04T14:18:27.5078776+00:00","200","True","972.426",""
"2026-09-04T14:18:28.5079130+00:00","200","True","253.493",""
"2026-09-04T14:18:29.5081775+00:00","200","True","663.566",""
"2026-09-04T14:18:30.5083773+00:00","200","True","876.508",""
"2026-09-04T14:18:31.5085398+00:00","200","True","815.88",""
"2026-09-04T14:18:32.5091805+00:00","200","True","639.901",""
"2026-09-04T14:18:33.5097264+00:00","200","True","358.779",""
"2026-09-04T14:18:34.5103081+00:00","200","True","629.724",""
"2026-09-04T14:18:35.5106512+00:00","200","True","511.368",""
"2026-09-04T14:18:36.5105672+00:00","200","True","714.331",""
"2026-09-04T14:18:37.5106541+00:00","200","True","816.771",""
"2026-09-04T14:18:38.5112358+00:00","200","True","602.42",""
"2026-09-04T14:18:39.5112642+00:00","200","True","191.291",""
"2026-09-04T14:18:40.5122054+00:00","200","True","709.661",""
"2026-09-04T14:18:41.5122929+00:00","200","True","527.404",""
"2026-09-04T14:18:42.5133280+00:00","200","True","360.568",""
"2026-09-04T14:18:43.5135165+00:00","200","True","382.159",""
"2026-09-04T14:18:44.5143134+00:00","200","True","605.693",""
"2026-09-04T14:18:45.5146812+00:00","200","True","834.404",""
"2026-09-04T14:18:46.5148650+00:00","200","True","449.407",""
"2026-09-04T14:18:47.5151268+00:00","200","True","554.159",""
"2026-09-04T14:18:48.5161570+00:00","200","True","167.369",""
"2026-09-04T14:18:49.5170586+00:00","200","True","460.897",""
"2026-09-04T14:18:50.5176544+00:00","200","True","545.135",""
"2026-09-04T14:18:51.5183658+00:00","200","True","361.528",""
"2026-09-04T14:18:52.5185929+00:00","200","True","469.759",""
"2026-09-04T14:18:53.5192774+00:00","200","True","708.288",""
"2026-09-04T14:18:54.5193667+00:00","200","True","849.26",""
"2026-09-04T14:18:55.5202760+00:00","200","True","404.801",""
"2026-09-04T14:18:56.5207321+00:00","200","True","1098.409",""
"2026-09-04T14:18:57.6192629+00:00","200","True","411.468",""
"2026-09-04T14:18:58.6191901+00:00","200","True","542.116",""
"2026-09-04T14:18:59.6200627+00:00","200","True","455.592",""
"2026-09-04T14:19:00.6205531+00:00","200","True","379.752",""
"2026-09-04T14:19:01.6210021+00:00","200","True","417.048",""
"2026-09-04T14:19:02.6217108+00:00","200","True","412.603",""
"2026-09-04T14:19:03.6221220+00:00","200","True","711.98",""
"2026-09-04T14:19:04.6227169+00:00","200","True","539.882",""
"2026-09-04T14:19:05.6233573+00:00","200","True","226.178",""
"2026-09-04T14:19:06.6330919+00:00","200","True","710.668",""
"2026-09-04T14:19:07.6335299+00:00","200","True","664.293",""
"2026-09-04T14:19:08.6344620+00:00","200","True","379.793",""
"2026-09-04T14:19:09.6349360+00:00","200","True","650.12",""
"2026-09-04T14:19:10.6356965+00:00","200","True","599.754",""
"2026-09-04T14:19:11.6360709+00:00","200","True","271.221",""
"2026-09-04T14:19:12.6366939+00:00","200","True","416.663",""
"2026-09-04T14:19:13.6369566+00:00","200","True","516.128",""
"2026-09-04T14:19:14.6378679+00:00","200","True","591.087",""
"2026-09-04T14:19:15.6384618+00:00","200","True","314.062",""
"2026-09-04T14:19:16.6392693+00:00","200","True","637",""
"2026-09-04T14:19:17.6399454+00:00","200","True","763.135",""
"2026-09-04T14:19:18.6410338+00:00","200","True","536.96",""
"2026-09-04T14:19:19.6415894+00:00","200","True","809.64",""
"2026-09-04T14:19:20.6419139+00:00","200","True","243.535",""
"2026-09-04T14:19:21.6422064+00:00","200","True","479.209",""
"2026-09-04T14:19:22.6430717+00:00","200","True","480.274",""
"2026-09-04T14:19:23.6431337+00:00","200","True","518.942",""
"2026-09-04T14:19:24.6438487+00:00","200","True","873.467",""
"2026-09-04T14:19:25.6439783+00:00","200","True","319.231",""
"2026-09-04T14:19:26.6448837+00:00","200","True","358.811",""
"2026-09-04T14:19:27.6451966+00:00","200","True","324.769",""
"2026-09-04T14:19:28.6457101+00:00","200","True","343.048",""
"2026-09-04T14:19:29.6464832+00:00","200","True","313.6",""
"2026-09-04T14:19:30.6467209+00:00","200","True","282.838",""
"2026-09-04T14:19:31.6472978+00:00","200","True","405.83",""
"2026-09-04T14:19:32.6488798+00:00","200","True","498.809",""
"2026-09-04T14:19:33.6493513+00:00","200","True","663.993",""
"2026-09-04T14:19:34.6502757+00:00","200","True","211.663",""
"2026-09-04T14:19:35.6505000+00:00","200","True","270.145",""
"2026-09-04T14:19:36.6511467+00:00","200","True","370.046",""
"2026-09-04T14:19:37.6518821+00:00","200","True","399.606",""
"2026-09-04T14:19:38.6523960+00:00","200","True","342.478",""
"2026-09-04T14:19:39.6526499+00:00","200","True","255.102",""
"2026-09-04T14:19:40.6535050+00:00","200","True","518.138",""
"2026-09-04T14:19:41.6544321+00:00","200","True","348.47",""
"2026-09-04T14:19:42.6545207+00:00","200","True","527.738",""
"2026-09-04T14:19:43.6549053+00:00","200","True","199.564",""
"2026-09-04T14:19:44.6551507+00:00","200","True","535.919",""
"2026-09-04T14:19:45.6564200+00:00","200","True","434.379",""
"2026-09-04T14:19:46.6565177+00:00","200","True","419.667",""
"2026-09-04T14:19:47.6569529+00:00","200","True","852.618",""
"2026-09-04T14:19:48.6572072+00:00","200","True","259.91",""
"2026-09-04T14:19:49.6578666+00:00","200","True","973.589",""
"2026-09-04T14:19:50.6580215+00:00","200","True","488.62",""
"2026-09-04T14:19:51.6584422+00:00","200","True","488.215",""
"2026-09-04T14:19:52.6593600+00:00","200","True","294.727",""
"2026-09-04T14:19:53.6597664+00:00","200","True","641.921",""
"2026-09-04T14:19:54.6603944+00:00","200","True","499.452",""
"2026-09-04T14:19:55.6605569+00:00","200","True","527.342",""
"2026-09-04T14:19:56.6605240+00:00","200","True","329.339",""
"2026-09-04T14:19:57.6605115+00:00","200","True","381.644",""
"2026-09-04T14:19:58.6608535+00:00","200","True","598.746",""
"2026-09-04T14:19:59.6612869+00:00","200","True","995.688",""
"2026-09-04T14:20:00.6613995+00:00","200","True","228.905",""
"2026-09-04T14:20:01.6619822+00:00","200","True","424.975",""
"2026-09-04T14:20:02.6626189+00:00","200","True","504.086",""
"2026-09-04T14:20:03.6634319+00:00","200","True","614.99",""
"2026-09-04T14:20:04.6640703+00:00","200","True","1362.044",""
"2026-09-04T14:20:06.0264518+00:00","200","True","577.434",""
"2026-09-04T14:20:07.0265703+00:00","200","True","355.816",""
"2026-09-04T14:20:08.0273664+00:00","200","True","587.549",""
"2026-09-04T14:20:09.0276212+00:00","200","True","523.345",""
"2026-09-04T14:20:10.0277736+00:00","200","True","395.758",""
"2026-09-04T14:20:11.0282204+00:00","200","True","513.589",""
"2026-09-04T14:20:12.0283600+00:00","200","True","646.986",""
"2026-09-04T14:20:13.0290338+00:00","200","True","242.417",""
"2026-09-04T14:20:14.0369651+00:00","200","True","362.396",""
"2026-09-04T14:20:15.0371282+00:00","200","True","507.018",""
"2026-09-04T14:20:16.0378389+00:00","200","True","301.994",""
"2026-09-04T14:20:17.0387256+00:00","200","True","248.427",""
"2026-09-04T14:20:18.0388115+00:00","200","True","779.895",""
"2026-09-04T14:20:19.0393738+00:00","200","True","657.282",""
"2026-09-04T14:20:20.0403677+00:00","200","True","621.715",""
"2026-09-04T14:20:21.0407266+00:00","200","True","168.265",""
"2026-09-04T14:20:22.0415921+00:00","200","True","360.135",""
"2026-09-04T14:20:23.0425132+00:00","200","True","281.725",""
"2026-09-04T14:20:24.0428897+00:00","200","True","408.735",""
"2026-09-04T14:20:25.0432205+00:00","200","True","327.547",""
"2026-09-04T14:20:26.0433770+00:00","200","True","650.505",""
"2026-09-04T14:20:27.0434135+00:00","200","True","150.32",""
"2026-09-04T14:20:28.0441700+00:00","200","True","304.954",""
"2026-09-04T14:20:29.0446349+00:00","200","True","275.024",""
"2026-09-04T14:20:30.0453860+00:00","200","True","295.736",""
"2026-09-04T14:20:31.0461547+00:00","200","True","367.883",""
"2026-09-04T14:20:32.0467865+00:00","200","True","392.376",""
"2026-09-04T14:20:33.0468494+00:00","200","True","425.85",""
"2026-09-04T14:20:34.0473179+00:00","200","True","336.337",""
"2026-09-04T14:20:35.0473575+00:00","200","True","343.359",""
"2026-09-04T14:20:36.0476043+00:00","200","True","487.933",""
"2026-09-04T14:20:37.0482591+00:00","200","True","396.308",""
"2026-09-04T14:20:38.0492363+00:00","200","True","288.581",""
"2026-09-04T14:20:39.0492027+00:00","200","True","411.084",""
"2026-09-04T14:20:40.0498670+00:00","200","True","376.618",""
"2026-09-04T14:20:41.0501145+00:00","200","True","398.287",""
"2026-09-04T14:20:42.0509585+00:00","200","True","383.3",""
"2026-09-04T14:20:43.0508332+00:00","200","True","408.763",""
"2026-09-04T14:20:44.0513893+00:00","200","True","266.38",""
"2026-09-04T14:20:45.0521541+00:00","200","True","304.048",""
"2026-09-04T14:20:46.0527253+00:00","200","True","311.753",""
"2026-09-04T14:20:47.0529005+00:00","200","True","275.465",""
"2026-09-04T14:20:48.0530812+00:00","200","True","360.243",""
"2026-09-04T14:20:49.0532407+00:00","200","True","333.355",""
"2026-09-04T14:20:50.0541421+00:00","200","True","334.714",""
"2026-09-04T14:20:51.0548186+00:00","200","True","414.315",""
"2026-09-04T14:20:52.0548922+00:00","200","True","252.443",""
"2026-09-04T14:20:53.0549518+00:00","200","True","235.938",""
"2026-09-04T14:20:54.0587475+00:00","200","True","298.771",""
"2026-09-04T14:20:55.0595846+00:00","200","True","417.207",""
"2026-09-04T14:20:56.0602581+00:00","200","True","338.508",""
"2026-09-04T14:20:57.0604025+00:00","200","True","261.27",""
"2026-09-04T14:20:58.0612311+00:00","200","True","327.95",""
"2026-09-04T14:20:59.0621812+00:00","200","True","305.24",""
"2026-09-04T14:21:00.0628862+00:00","200","True","292.652",""
"2026-09-04T14:21:01.0633903+00:00","200","True","314.788",""
"2026-09-04T14:21:02.0638094+00:00","200","True","244.951",""
"2026-09-04T14:21:03.0645074+00:00","200","True","400.454",""
"2026-09-04T14:21:04.0646277+00:00","200","True","424.98",""
"2026-09-04T14:21:05.0653933+00:00","200","True","345.657",""
"2026-09-04T14:21:06.0664974+00:00","200","True","393.181",""
"2026-09-04T14:21:07.0671974+00:00","200","True","256.99",""
"2026-09-04T14:21:08.0681721+00:00","200","True","246.532",""
"2026-09-04T14:21:09.0684509+00:00","200","True","336.42",""
"2026-09-04T14:21:10.0684302+00:00","200","True","670.931",""
"2026-09-04T14:21:11.0688747+00:00","200","True","383.875",""
"2026-09-04T14:21:12.0691904+00:00","200","True","429.144",""
"2026-09-04T14:21:13.0698469+00:00","200","True","321.344",""
"2026-09-04T14:21:14.0697262+00:00","200","True","252.429",""
"2026-09-04T14:21:15.0697902+00:00","200","True","403.023",""
"2026-09-04T14:21:16.0706476+00:00","200","True","396.173",""
"2026-09-04T14:21:17.0713847+00:00","200","True","301.014",""
"2026-09-04T14:21:18.0718526+00:00","200","True","369.934",""
"2026-09-04T14:21:19.0722373+00:00","200","True","470.657",""
"2026-09-04T14:21:20.0724277+00:00","200","True","336.236",""
"2026-09-04T14:21:21.0731127+00:00","200","True","621.244",""
"2026-09-04T14:21:22.0739918+00:00","200","True","336.872",""
"2026-09-04T14:21:23.0744321+00:00","200","True","577.018",""
"2026-09-04T14:21:24.0750194+00:00","200","True","293.739",""
"2026-09-04T14:21:25.0753923+00:00","200","True","480.785",""
"2026-09-04T14:21:26.0759558+00:00","200","True","397.4",""
"2026-09-04T14:21:27.0760077+00:00","200","True","499.745",""
"2026-09-04T14:21:28.0763921+00:00","200","True","380.749",""
"2026-09-04T14:21:29.0766924+00:00","200","True","807.92",""
"2026-09-04T14:21:30.0770661+00:00","200","True","339.097",""
"2026-09-04T14:21:31.0776917+00:00","200","True","448.124",""
"2026-09-04T14:21:32.0785058+00:00","200","True","428.642",""
"2026-09-04T14:21:33.0788140+00:00","200","True","289.175",""
"2026-09-04T14:21:34.0798496+00:00","200","True","379.594",""
"2026-09-04T14:21:35.0807817+00:00","200","True","539.144",""
"2026-09-04T14:21:36.0817591+00:00","200","True","368.816",""
"2026-09-04T14:21:37.0822348+00:00","200","True","419.022",""
"2026-09-04T14:21:38.0829460+00:00","200","True","387.613",""
"2026-09-04T14:21:39.0832938+00:00","200","True","375.16",""
"2026-09-04T14:21:40.0841463+00:00","200","True","397.522",""
"2026-09-04T14:21:41.0844263+00:00","200","True","578.542",""
"2026-09-04T14:21:42.0846619+00:00","200","True","396.539",""
"2026-09-04T14:21:43.0849055+00:00","200","True","419.553",""
"2026-09-04T14:21:44.0849456+00:00","200","True","302.964",""
"2026-09-04T14:21:45.0855242+00:00","200","True","262.656",""
"2026-09-04T14:21:46.0860177+00:00","200","True","285.245",""
"2026-09-04T14:21:47.0860777+00:00","200","True","347.096",""
"2026-09-04T14:21:48.0870016+00:00","200","True","263.536",""
"2026-09-04T14:21:49.0873006+00:00","200","True","360.147",""
"2026-09-04T14:21:50.0884840+00:00","200","True","277.522",""
"2026-09-04T14:21:51.0886784+00:00","200","True","300.56",""
"2026-09-04T14:21:52.0889312+00:00","200","True","260.112",""
"2026-09-04T14:21:53.0896452+00:00","200","True","377.964",""
"2026-09-04T14:21:54.0902937+00:00","200","True","292.909",""
"2026-09-04T14:21:55.0908563+00:00","200","True","445.849",""
"2026-09-04T14:21:56.0919850+00:00","200","True","417.329",""
"2026-09-04T14:21:57.0920054+00:00","200","True","346.185",""
"2026-09-04T14:21:58.0928751+00:00","200","True","361.181",""
"2026-09-04T14:21:59.0936414+00:00","200","True","605.026",""
"2026-09-04T14:22:00.0940732+00:00","200","True","195.253",""
"2026-09-04T14:22:01.0950582+00:00","200","True","643.084",""
"2026-09-04T14:22:02.0956386+00:00","200","True","478.81",""
"2026-09-04T14:22:03.0960583+00:00","200","True","535.932",""
"2026-09-04T14:22:04.0965226+00:00","200","True","203.322",""
"2026-09-04T14:22:05.0972256+00:00","200","True","341.413",""
"2026-09-04T14:22:06.0974625+00:00","200","True","278.77",""
"2026-09-04T14:22:07.0978229+00:00","200","True","478.782",""
"2026-09-04T14:22:08.0981789+00:00","200","True","392.534",""
"2026-09-04T14:22:09.0982071+00:00","200","True","411.55",""
"2026-09-04T14:22:10.0982670+00:00","200","True","483.264",""
"2026-09-04T14:22:11.0983911+00:00","200","True","348.19",""
"2026-09-04T14:22:12.0994264+00:00","200","True","306.727",""
"2026-09-04T14:22:13.0998356+00:00","200","True","684.363",""
"2026-09-04T14:22:14.1009709+00:00","200","True","430.484",""
"2026-09-04T14:22:15.1012388+00:00","200","True","460.835",""
"2026-09-04T14:22:16.1015615+00:00","200","True","326.37",""
"2026-09-04T14:22:17.1016454+00:00","200","True","564.408",""
"2026-09-04T14:22:18.1016264+00:00","200","True","331.816",""
"2026-09-04T14:22:19.1020582+00:00","200","True","486.536",""
"2026-09-04T14:22:20.1023043+00:00","200","True","542.067",""
"2026-09-04T14:22:21.1032025+00:00","200","True","439.528",""
"2026-09-04T14:22:22.1032062+00:00","200","True","418.267",""
"2026-09-04T14:22:23.1040170+00:00","200","True","335.797",""
"2026-09-04T14:22:24.1043220+00:00","200","True","335.827",""
"2026-09-04T14:22:25.1047416+00:00","200","True","268.884",""
"2026-09-04T14:22:26.1054496+00:00","200","True","246.537",""
"2026-09-04T14:22:27.1056507+00:00","200","True","263.175",""
"2026-09-04T14:22:28.1068271+00:00","200","True","312.006",""
"2026-09-04T14:22:29.1075603+00:00","200","True","395.157",""
"2026-09-04T14:22:30.1082716+00:00","200","True","377.001",""
"2026-09-04T14:22:31.1089153+00:00","200","True","352.865",""
"2026-09-04T14:22:32.1092570+00:00","200","True","386.212",""
"2026-09-04T14:22:33.1098981+00:00","200","True","370.912",""
"2026-09-04T14:22:34.1102361+00:00","200","True","261.172",""
"2026-09-04T14:22:35.1107730+00:00","200","True","491.116",""
"2026-09-04T14:22:36.1121654+00:00","200","True","390.967",""
"2026-09-04T14:22:37.1124891+00:00","200","True","295.872",""
"2026-09-04T14:22:38.1128600+00:00","200","True","576.056",""
"2026-09-04T14:22:39.1135082+00:00","200","True","349.837",""
"2026-09-04T14:22:40.1138482+00:00","200","True","259.602",""
"2026-09-04T14:22:41.1140837+00:00","200","True","293.847",""
"2026-09-04T14:22:42.1145150+00:00","200","True","374.548",""
"2026-09-04T14:22:43.1144990+00:00","200","True","399.519",""
"2026-09-04T14:22:44.1144855+00:00","200","True","641.696",""
"2026-09-04T14:22:45.1147629+00:00","200","True","368.643",""
"2026-09-04T14:22:46.1148082+00:00","200","True","359.177",""
"2026-09-04T14:22:47.1153864+00:00","200","True","267.843",""
"2026-09-04T14:22:48.1158088+00:00","200","True","271.095",""
"2026-09-04T14:22:49.1164876+00:00","200","True","321.301",""
"2026-09-04T14:22:50.1173146+00:00","200","True","458.912",""
"2026-09-04T14:22:51.1177019+00:00","200","True","278.181",""
"2026-09-04T14:22:52.1182862+00:00","200","True","450.273",""
"2026-09-04T14:22:53.1190141+00:00","200","True","561.444",""
"2026-09-04T14:22:54.1189320+00:00","200","True","348.15",""
"2026-09-04T14:22:55.1194741+00:00","200","True","368.078",""
"2026-09-04T14:22:56.1202385+00:00","200","True","367.106",""
"2026-09-04T14:22:57.1207861+00:00","200","True","472.938",""
"2026-09-04T14:22:58.1211934+00:00","200","True","442.706",""
"2026-09-04T14:22:59.1217038+00:00","200","True","364.779",""
"2026-09-04T14:23:00.1221551+00:00","200","True","490.172",""
"2026-09-04T14:23:01.1232291+00:00","200","True","268.455",""
"2026-09-04T14:23:02.1231821+00:00","200","True","432.818",""
"2026-09-04T14:23:03.1235332+00:00","200","True","363.701",""
"2026-09-04T14:23:04.1237951+00:00","200","True","332.039",""
"2026-09-04T14:23:05.1243220+00:00","200","True","389.345",""
"2026-09-04T14:23:06.1254914+00:00","200","True","250.914",""
"2026-09-04T14:23:07.1260171+00:00","200","True","260.57",""
"2026-09-04T14:23:08.1260899+00:00","200","True","370.213",""
"2026-09-04T14:23:09.1266937+00:00","200","True","326.134",""
"2026-09-04T14:23:10.1273743+00:00","200","True","247.097",""
"2026-09-04T14:23:11.1282656+00:00","200","True","254.796",""
"2026-09-04T14:23:12.1287643+00:00","200","True","233.74",""
"2026-09-04T14:23:13.1291006+00:00","200","True","282.155",""
"2026-09-04T14:23:14.1297986+00:00","200","True","319.864",""
"2026-09-04T14:23:15.1301709+00:00","200","True","269.44",""
"2026-09-04T14:23:16.1303887+00:00","200","True","254.416",""
"2026-09-04T14:23:17.1305675+00:00","200","True","308.044",""
"2026-09-04T14:23:18.1312776+00:00","200","True","349.675",""
"2026-09-04T14:23:19.1314833+00:00","200","True","489.17",""
"2026-09-04T14:23:20.1323335+00:00","200","True","276.324",""
"2026-09-04T14:23:21.1322849+00:00","200","True","261.113",""
"2026-09-04T14:23:22.1330913+00:00","200","True","242.265",""
"2026-09-04T14:23:23.1338451+00:00","200","True","241.308",""
"2026-09-04T14:23:24.1347534+00:00","200","True","283.99",""
"2026-09-04T14:23:25.1354843+00:00","200","True","267.652",""
"2026-09-04T14:23:26.1357861+00:00","200","True","299.73",""
"2026-09-04T14:23:27.1358918+00:00","200","True","244.69",""
"2026-09-04T14:23:28.1362030+00:00","200","True","237.112",""
"2026-09-04T14:23:29.1367609+00:00","200","True","305.499",""
"2026-09-04T14:23:30.1366255+00:00","200","True","357.756",""
"2026-09-04T14:23:31.1368659+00:00","200","True","344.416",""
"2026-09-04T14:23:32.1367930+00:00","200","True","356.789",""
"2026-09-04T14:23:33.1369540+00:00","200","True","251.746",""
"2026-09-04T14:23:34.1372356+00:00","200","True","242.568",""
"2026-09-04T14:23:35.1372642+00:00","200","True","403.826",""
"2026-09-04T14:23:36.1378955+00:00","200","True","263.128",""
"2026-09-04T14:23:37.1400102+00:00","200","True","263.501",""
"2026-09-04T14:23:38.1402074+00:00","200","True","270.465",""
"2026-09-04T14:23:39.1403451+00:00","200","True","286.186",""
"2026-09-04T14:23:40.1409891+00:00","200","True","305.803",""
"2026-09-04T14:23:41.1414017+00:00","200","True","328.038",""
"2026-09-04T14:23:42.1422221+00:00","200","True","246.742",""
"2026-09-04T14:23:43.1426303+00:00","200","True","280.191",""
"2026-09-04T14:23:44.1435246+00:00","200","True","446.983",""
"2026-09-04T14:23:45.1441199+00:00","200","True","505.978",""
"2026-09-04T14:23:46.1445533+00:00","200","True","383.076",""
"2026-09-04T14:23:47.1451181+00:00","200","True","264.467",""
"2026-09-04T14:23:48.1449871+00:00","200","True","369.357",""
"2026-09-04T14:23:49.1458618+00:00","200","True","327.9",""
"2026-09-04T14:23:50.1465015+00:00","200","True","261.942",""
"2026-09-04T14:23:51.1469616+00:00","200","True","277.054",""
"2026-09-04T14:23:52.1478356+00:00","200","True","270.121",""
"2026-09-04T14:23:53.1485148+00:00","200","True","316.335",""
"2026-09-04T14:23:54.1495205+00:00","200","True","529.321",""
"2026-09-04T14:23:55.1503770+00:00","200","True","554.607",""
"2026-09-04T14:23:56.1504639+00:00","200","True","442.219",""
"2026-09-04T14:23:57.1511313+00:00","200","True","796.658",""
"2026-09-04T14:23:58.1512261+00:00","200","True","898.616",""
"2026-09-04T14:23:59.1515783+00:00","200","True","884.449",""
"2026-09-04T14:24:00.1514317+00:00","200","True","467.259",""
"2026-09-04T14:24:01.1521979+00:00","200","True","396.794",""
"2026-09-04T14:24:02.1524880+00:00","200","True","479.482",""
"2026-09-04T14:24:03.1524481+00:00","200","True","333.482",""
"2026-09-04T14:24:04.1523771+00:00","200","True","358.716",""
"2026-09-04T14:24:05.1525126+00:00","200","True","306.94",""
"2026-09-04T14:24:06.1532947+00:00","200","True","313.126",""
"2026-09-04T14:24:07.1538514+00:00","200","True","305.667",""
"2026-09-04T14:24:08.1543031+00:00","200","True","395.629",""
"2026-09-04T14:24:09.1545184+00:00","200","True","196.4",""
"2026-09-04T14:24:10.1553387+00:00","200","True","511.595",""
"2026-09-04T14:24:11.1556186+00:00","200","True","322.496",""
"2026-09-04T14:24:12.1557561+00:00","200","True","547.726",""
"2026-09-04T14:24:13.1563244+00:00","200","True","336.704",""
"2026-09-04T14:24:14.1566318+00:00","200","True","367.892",""
"2026-09-04T14:24:15.1587056+00:00","200","True","888.821",""
"2026-09-04T14:24:16.1591143+00:00","200","True","372.721",""
"2026-09-04T14:24:17.1594531+00:00","200","True","355.086",""
"2026-09-04T14:24:18.1619350+00:00","200","True","257.54",""
"2026-09-04T14:24:19.1620112+00:00","200","True","360.158",""
"2026-09-04T14:24:20.1627324+00:00","200","True","323.527",""
"2026-09-04T14:24:21.1628964+00:00","200","True","251.838",""
"2026-09-04T14:24:22.1632272+00:00","200","True","255.936",""
"2026-09-04T14:24:23.1637248+00:00","200","True","315.577",""
"2026-09-04T14:24:24.1639151+00:00","200","True","262.261",""
"2026-09-04T14:24:25.1646255+00:00","200","True","599.421",""
"2026-09-04T14:24:26.1674729+00:00","200","True","341.515",""
"2026-09-04T14:24:27.1675265+00:00","200","True","260.584",""
"2026-09-04T14:24:28.1676172+00:00","200","True","236.036",""
"2026-09-04T14:24:29.1681453+00:00","200","True","343.807",""
"2026-09-04T14:24:30.1684887+00:00","200","True","409.631",""
"2026-09-04T14:24:31.1686434+00:00","200","True","257.982",""
"2026-09-04T14:24:32.1694102+00:00","200","True","460.047",""
"2026-09-04T14:24:33.1702134+00:00","200","True","393.115",""
"2026-09-04T14:24:34.1709845+00:00","200","True","389.062",""
"2026-09-04T14:24:35.1716092+00:00","200","True","264.142",""
"2026-09-04T14:24:36.1728204+00:00","200","True","299.39",""
"2026-09-04T14:24:37.1737468+00:00","200","True","362.324",""
"2026-09-04T14:24:38.1737709+00:00","200","True","612.874",""
"2026-09-04T14:24:39.1741330+00:00","200","True","564.608",""
"2026-09-04T14:24:40.1741917+00:00","200","True","384.496",""
"2026-09-04T14:24:41.1744929+00:00","200","True","322.54",""
"2026-09-04T14:24:42.1746327+00:00","200","True","325.986",""
"2026-09-04T14:24:43.1750165+00:00","200","True","315.825",""
"2026-09-04T14:24:44.1758503+00:00","200","True","290.112",""
"2026-09-04T14:24:45.1763612+00:00","200","True","328.288",""
"2026-09-04T14:24:46.1773170+00:00","200","True","485.875",""
"2026-09-04T14:24:47.1775576+00:00","200","True","430.183",""
"2026-09-04T14:24:48.1782641+00:00","200","True","363.82",""
"2026-09-04T14:24:49.1787945+00:00","200","True","723.109",""
"2026-09-04T14:24:50.1796090+00:00","200","True","311.967",""
"2026-09-04T14:24:51.1804248+00:00","200","True","278.931",""
"2026-09-04T14:24:52.1809250+00:00","200","True","371.419",""
"2026-09-04T14:24:53.1810282+00:00","200","True","320.781",""
"2026-09-04T14:24:54.1814111+00:00","200","True","388.265",""
"2026-09-04T14:24:55.1821427+00:00","200","True","480.023",""
"2026-09-04T14:24:56.1827627+00:00","200","True","313.882",""
"2026-09-04T14:24:57.1833147+00:00","200","True","371.647",""
"2026-09-04T14:24:58.1838277+00:00","200","True","331.569",""
"2026-09-04T14:24:59.1840319+00:00","200","True","345.242",""
"2026-09-04T14:25:00.1848526+00:00","200","True","338.478",""
"2026-09-04T14:25:01.1851938+00:00","200","True","331.317",""
"2026-09-04T14:25:02.1860659+00:00","200","True","253.765",""
"2026-09-04T14:25:03.1864736+00:00","200","True","305.067",""
"2026-09-04T14:25:04.1871261+00:00","200","True","399.047",""
"2026-09-04T14:25:05.1878022+00:00","200","True","285.125",""
"2026-09-04T14:25:06.1886988+00:00","200","True","273.119",""
"2026-09-04T14:25:07.1894048+00:00","200","True","271.793",""
"2026-09-04T14:25:08.1899445+00:00","200","True","261.598",""
"2026-09-04T14:25:09.1900822+00:00","200","True","350.046",""
"2026-09-04T14:25:10.1905666+00:00","200","True","368.329",""
"2026-09-04T14:25:11.1905992+00:00","200","True","353.96",""
"2026-09-04T14:25:12.1911415+00:00","200","True","314.173",""
"2026-09-04T14:25:13.1919604+00:00","200","True","302.893",""
"2026-09-04T14:25:14.1926097+00:00","200","True","256.533",""
"2026-09-04T14:25:15.1927608+00:00","200","True","252.564",""
"2026-09-04T14:25:16.1929965+00:00","200","True","260.625",""
"2026-09-04T14:25:17.1932649+00:00","200","True","257.252",""
"2026-09-04T14:25:18.1942629+00:00","200","True","251.57",""
"2026-09-04T14:25:19.1944804+00:00","200","True","307.687",""
"2026-09-04T14:25:20.1946991+00:00","200","True","246.953",""
"2026-09-04T14:25:21.1950824+00:00","200","True","391.627",""
"2026-09-04T14:25:22.1953480+00:00","200","True","332.587",""
"2026-09-04T14:25:23.1956104+00:00","200","True","339.876",""
"2026-09-04T14:25:24.1962090+00:00","200","True","282.186",""
"2026-09-04T14:25:25.1969666+00:00","200","True","340.213",""
"2026-09-04T14:25:26.1976507+00:00","200","True","250.261",""
"2026-09-04T14:25:27.1983137+00:00","200","True","248.725",""
"2026-09-04T14:25:28.1986139+00:00","200","True","388.216",""
"2026-09-04T14:25:29.1998194+00:00","200","True","307.84",""
"2026-09-04T14:25:30.2003251+00:00","200","True","245.722",""
"2026-09-04T14:25:31.2006988+00:00","200","True","355.297",""
"2026-09-04T14:25:32.2033747+00:00","200","True","263.319",""
"2026-09-04T14:25:33.2041916+00:00","200","True","387.414",""
"2026-09-04T14:25:34.2046636+00:00","200","True","269.619",""
"2026-09-04T14:25:35.2048867+00:00","200","True","289.264",""
"2026-09-04T14:25:36.2060635+00:00","200","True","379.698",""
"2026-09-04T14:25:37.2061386+00:00","200","True","306.167",""
"2026-09-04T14:25:38.2068310+00:00","200","True","306.356",""
"2026-09-04T14:25:39.2077566+00:00","200","True","437.572",""
"2026-09-04T14:25:40.2079329+00:00","200","True","264.588",""
"2026-09-04T14:25:41.2080713+00:00","200","True","377.327",""
"2026-09-04T14:25:42.2089126+00:00","200","True","261.715",""
"2026-09-04T14:25:43.2091245+00:00","200","True","324.771",""
"2026-09-04T14:25:44.2093452+00:00","200","True","304.419",""
"2026-09-04T14:25:45.2092910+00:00","200","True","472.866",""
"2026-09-04T14:25:46.2098459+00:00","200","True","393.045",""
"2026-09-04T14:25:47.2103128+00:00","200","True","389.877",""
"2026-09-04T14:25:48.2109468+00:00","200","True","259.294",""
"2026-09-04T14:25:49.2119967+00:00","200","True","323.516",""
"2026-09-04T14:25:50.2121590+00:00","200","True","282.45",""
"2026-09-04T14:25:51.2121835+00:00","200","True","281.367",""
"2026-09-04T14:25:52.2120671+00:00","200","True","249.42",""
"2026-09-04T14:25:53.2118922+00:00","200","True","456.47",""
"2026-09-04T14:25:54.2119524+00:00","200","True","295.142",""
"2026-09-04T14:25:55.2125298+00:00","200","True","404.163",""
"2026-09-04T14:25:56.2131918+00:00","200","True","261.063",""
"2026-09-04T14:25:57.2137261+00:00","200","True","353.398",""
"2026-09-04T14:25:58.2137632+00:00","200","True","370.542",""
"2026-09-04T14:25:59.2139247+00:00","200","True","293.11",""
"2026-09-04T14:26:00.2146011+00:00","200","True","318.904",""
"2026-09-04T14:26:01.2150900+00:00","200","True","236.007",""
"2026-09-04T14:26:02.2156004+00:00","200","True","270.57",""
"2026-09-04T14:26:03.2157568+00:00","200","True","315.91",""
"2026-09-04T14:26:04.2162180+00:00","200","True","293.383",""
"2026-09-04T14:26:05.2162296+00:00","200","True","372.829",""
"2026-09-04T14:26:06.2173604+00:00","200","True","485.6",""
"2026-09-04T14:26:07.2175155+00:00","200","True","408.785",""
"2026-09-04T14:26:08.2178591+00:00","200","True","691.917",""
"2026-09-04T14:26:09.2183140+00:00","200","True","329.366",""
"2026-09-04T14:26:10.2187104+00:00","200","True","315.668",""
"2026-09-04T14:26:11.2190597+00:00","200","True","437.042",""
"2026-09-04T14:26:12.2196246+00:00","200","True","511.147",""
"2026-09-04T14:26:13.2203138+00:00","200","True","527.304",""
"2026-09-04T14:26:14.2211090+00:00","200","True","193.171",""
"2026-09-04T14:26:15.2220352+00:00","200","True","525.642",""
"2026-09-04T14:26:16.2224122+00:00","200","True","347.441",""
"2026-09-04T14:26:17.2224884+00:00","200","True","693.562",""
"2026-09-04T14:26:18.2225966+00:00","200","True","369.717",""
"2026-09-04T14:26:19.2228363+00:00","200","True","587.76",""
"2026-09-04T14:26:20.2249686+00:00","200","True","562.243",""
"2026-09-04T14:26:21.2257586+00:00","200","True","349.019",""
"2026-09-04T14:26:22.2262659+00:00","200","True","523.399",""
"2026-09-04T14:26:23.2273165+00:00","200","True","712.136",""
"2026-09-04T14:26:24.2279080+00:00","200","True","223.388",""
"2026-09-04T14:26:25.2278550+00:00","200","True","595.41",""
"2026-09-04T14:26:26.2276943+00:00","200","True","465.314",""
"2026-09-04T14:26:27.2285048+00:00","200","True","336.312",""
"2026-09-04T14:26:28.2284242+00:00","200","True","654.997",""
"2026-09-04T14:26:29.2288657+00:00","200","True","384.582",""
"2026-09-04T14:26:30.2292805+00:00","200","True","717.836",""
"2026-09-04T14:26:31.2298208+00:00","200","True","327.394",""
"2026-09-04T14:26:32.2308028+00:00","200","True","467.416",""
"2026-09-04T14:26:33.2307620+00:00","200","True","580.312",""
"2026-09-04T14:26:34.2308835+00:00","200","True","225.266",""
"2026-09-04T14:26:35.2318450+00:00","200","True","625.916",""
"2026-09-04T14:26:36.2324766+00:00","200","True","445.445",""
"2026-09-04T14:26:37.2327051+00:00","200","True","877.713",""
"2026-09-04T14:26:38.2330389+00:00","200","True","241.392",""
"2026-09-04T14:26:39.2328749+00:00","200","True","668.881",""
"2026-09-04T14:26:40.2333410+00:00","200","True","335.83",""
"2026-09-04T14:26:41.2338792+00:00","200","True","357.878",""
"2026-09-04T14:26:42.2343546+00:00","200","True","485.161",""
"2026-09-04T14:26:43.2350572+00:00","200","True","406.696",""
"2026-09-04T14:26:44.2356161+00:00","200","True","322.284",""
"2026-09-04T14:26:45.2364419+00:00","200","True","658.186",""
"2026-09-04T14:26:46.2372442+00:00","200","True","243.258",""
"2026-09-04T14:26:47.2379961+00:00","200","True","498.018",""
"2026-09-04T14:26:48.2385962+00:00","200","True","521.963",""
"2026-09-04T14:26:49.2392744+00:00","200","True","378.077",""
"2026-09-04T14:26:50.2398775+00:00","200","True","418.879",""
"2026-09-04T14:26:51.2402881+00:00","200","True","497.176",""
"2026-09-04T14:26:52.2408793+00:00","200","True","524.563",""
"2026-09-04T14:26:53.2410495+00:00","200","True","269.748",""
"2026-09-04T14:26:54.2414911+00:00","200","True","370.553",""
"2026-09-04T14:26:55.2420238+00:00","200","True","687.782",""
"2026-09-04T14:26:56.2424962+00:00","200","True","813.124",""
"2026-09-04T14:26:57.2439410+00:00","200","True","321.913",""
"2026-09-04T14:26:58.2444405+00:00","200","True","594.418",""
"2026-09-04T14:26:59.2453886+00:00","200","True","352.458",""
"2026-09-04T14:27:00.2453268+00:00","200","True","292.2",""
"2026-09-04T14:27:01.2576513+00:00","200","True","243.244",""
"2026-09-04T14:27:02.2584106+00:00","200","True","246.518",""
"2026-09-04T14:27:03.2588120+00:00","200","True","354.354",""
"2026-09-04T14:27:04.2597854+00:00","200","True","373.967",""
"2026-09-04T14:27:05.2601865+00:00","200","True","488.409",""
"2026-09-04T14:27:06.2616673+00:00","200","True","521.355",""
"2026-09-04T14:27:07.2625208+00:00","200","True","161.907",""
"2026-09-04T14:27:08.2630394+00:00","200","True","928.372",""
"2026-09-04T14:27:09.2630755+00:00","200","True","431.326",""
"2026-09-04T14:27:10.2638705+00:00","200","True","1326.237",""
"2026-09-04T14:27:11.5902736+00:00","200","True","415.752",""
"2026-09-04T14:27:12.5904061+00:00","200","True","489.122",""
"2026-09-04T14:27:13.5910599+00:00","200","True","437.783",""
"2026-09-04T14:27:14.5914045+00:00","200","True","384.649",""
"2026-09-04T14:27:15.5918860+00:00","200","True","415.986",""
"2026-09-04T14:27:16.5928329+00:00","200","True","593.321",""
"2026-09-04T14:27:17.5936618+00:00","200","True","380.003",""
"2026-09-04T14:27:18.5942777+00:00","200","True","550.539",""
"2026-09-04T14:27:19.5943344+00:00","200","True","604.562",""
"2026-09-04T14:27:20.5948839+00:00","200","True","212.984",""
"2026-09-04T14:27:21.5954325+00:00","200","True","548.711",""
"2026-09-04T14:27:22.5958245+00:00","200","True","434.828",""
"2026-09-04T14:27:23.5963157+00:00","200","True","586.108",""
"2026-09-04T14:27:24.5968275+00:00","200","True","413.808",""
"2026-09-04T14:27:25.5971304+00:00","200","True","354.592",""
"2026-09-04T14:27:26.5972016+00:00","200","True","400.783",""
"2026-09-04T14:27:27.5974959+00:00","200","True","478.552",""
"2026-09-04T14:27:28.5975396+00:00","200","True","449.161",""
"2026-09-04T14:27:29.5981661+00:00","200","True","383.617",""
"2026-09-04T14:27:30.5984279+00:00","200","True","415.157",""
"2026-09-04T14:27:31.5993196+00:00","200","True","312.976",""
"2026-09-04T14:27:32.5997221+00:00","200","True","309.008",""
"2026-09-04T14:27:33.6002366+00:00","200","True","324.614",""
"2026-09-04T14:27:34.6004364+00:00","200","True","384.304",""
"2026-09-04T14:27:35.6015646+00:00","200","True","273.621",""
"2026-09-04T14:27:36.6025096+00:00","200","True","597.895",""
"2026-09-04T14:27:37.6028838+00:00","200","True","720.301",""
"2026-09-04T14:27:38.6029833+00:00","200","True","466.022",""
"2026-09-04T14:27:39.6036733+00:00","200","True","629.336",""
"2026-09-04T14:27:40.6046263+00:00","200","True","417.002",""
"2026-09-04T14:27:41.6052392+00:00","200","True","441.408",""
"2026-09-04T14:27:42.6061676+00:00","200","True","359.162",""
"2026-09-04T14:27:43.6071351+00:00","200","True","295.501",""
"2026-09-04T14:27:44.6074685+00:00","200","True","269.761",""
"2026-09-04T14:27:45.6077779+00:00","200","True","397.275",""
"2026-09-04T14:27:46.6086695+00:00","200","True","276.166",""
"2026-09-04T14:27:47.6094037+00:00","200","True","340.054",""
"2026-09-04T14:27:48.6100711+00:00","200","True","320.45",""
"2026-09-04T14:27:49.6100763+00:00","200","True","388.594",""
"2026-09-04T14:27:50.6103818+00:00","200","True","411.444",""
"2026-09-04T14:27:51.6104737+00:00","200","True","332.471",""
"2026-09-04T14:27:52.6104540+00:00","200","True","373.946",""
"2026-09-04T14:27:53.6110990+00:00","200","True","438.948",""
"2026-09-04T14:27:54.6116670+00:00","200","True","405.001",""
"2026-09-04T14:27:55.6122241+00:00","200","True","630.592",""
"2026-09-04T14:27:56.6123446+00:00","200","True","281.559",""
"2026-09-04T14:27:57.6127414+00:00","200","True","577.277",""
"2026-09-04T14:27:58.6127221+00:00","200","True","190.403",""
"2026-09-04T14:27:59.6137020+00:00","200","True","930.446",""
"2026-09-04T14:28:00.6136055+00:00","200","True","543.82",""
"2026-09-04T14:28:01.6139458+00:00","200","True","257.607",""
"2026-09-04T14:28:02.6140998+00:00","200","True","286.604",""
"2026-09-04T14:28:03.6142460+00:00","200","True","310.372",""
"2026-09-04T14:28:04.6143417+00:00","200","True","333.848",""
"2026-09-04T14:28:05.6151748+00:00","200","True","309.852",""
"2026-09-04T14:28:06.6158310+00:00","200","True","587.347",""
"2026-09-04T14:28:07.6166077+00:00","200","True","242.75",""
"2026-09-04T14:28:08.6169973+00:00","200","True","293.416",""
"2026-09-04T14:28:09.6171341+00:00","200","True","453.174",""
"2026-09-04T14:28:10.6187976+00:00","200","True","397.644",""
"2026-09-04T14:28:11.6191057+00:00","200","True","478.374",""
"2026-09-04T14:28:12.6201470+00:00","200","True","828.858",""
"2026-09-04T14:28:13.6206514+00:00","200","True","328.332",""
"2026-09-04T14:28:14.6205750+00:00","200","True","994.572",""
"2026-09-04T14:28:15.6205706+00:00","200","True","693.518",""
"2026-09-04T14:28:16.6204608+00:00","200","True","1178.787",""
"2026-09-04T14:28:17.7995093+00:00","200","True","478.05",""
"2026-09-04T14:28:18.8001305+00:00","200","True","502.796",""
"2026-09-04T14:28:19.8004406+00:00","200","True","461.66",""
"2026-09-04T14:28:20.8006368+00:00","200","True","1361.526",""
"2026-09-04T14:28:22.1625123+00:00","200","True","284.495",""
"2026-09-04T14:28:23.1626468+00:00","200","True","574.754",""
"2026-09-04T14:28:24.1630253+00:00","200","True","251.627",""
"2026-09-04T14:28:25.1631476+00:00","200","True","287.044",""
"2026-09-04T14:28:26.1637554+00:00","200","True","517.315",""
"2026-09-04T14:28:27.1646352+00:00","200","True","319.882",""
"2026-09-04T14:28:28.1649941+00:00","200","True","334.755",""
"2026-09-04T14:28:29.1653950+00:00","200","True","437.827",""
"2026-09-04T14:28:30.1657207+00:00","200","True","487.835",""
"2026-09-04T14:28:31.1661550+00:00","200","True","423.378",""
"2026-09-04T14:28:32.1670844+00:00","200","True","371.819",""
"2026-09-04T14:28:33.1674240+00:00","200","True","356.576",""
"2026-09-04T14:28:34.1675246+00:00","200","True","300.103",""
"2026-09-04T14:28:35.1681062+00:00","200","True","310.023",""
"2026-09-04T14:28:36.1689179+00:00","200","True","527.797",""
"2026-09-04T14:28:37.1692642+00:00","200","True","551.382",""
"2026-09-04T14:28:38.1700991+00:00","200","True","348.154",""
"2026-09-04T14:28:39.1709207+00:00","200","True","306.336",""
"2026-09-04T14:28:40.1717927+00:00","200","True","320.553",""
"2026-09-04T14:28:41.1719215+00:00","200","True","280.278",""
"2026-09-04T14:28:42.1728907+00:00","200","True","295.322",""
"2026-09-04T14:28:43.1738259+00:00","200","True","380.644",""
"2026-09-04T14:28:44.1741929+00:00","200","True","461.13",""
"2026-09-04T14:28:45.1750206+00:00","200","True","446.412",""
"2026-09-04T14:28:46.1750664+00:00","200","True","347.233",""
"2026-09-04T14:28:47.1759804+00:00","200","True","371.477",""
"2026-09-04T14:28:48.1763957+00:00","200","True","310.409",""
"2026-09-04T14:28:49.1764093+00:00","200","True","324.166",""
"2026-09-04T14:28:50.1773222+00:00","200","True","630.635",""
"2026-09-04T14:28:51.1777929+00:00","200","True","214.732",""
"2026-09-04T14:28:52.1783680+00:00","200","True","386.451",""
"2026-09-04T14:28:53.1785249+00:00","200","True","411.155",""
"2026-09-04T14:28:54.1795217+00:00","200","True","252.633",""
"2026-09-04T14:28:55.1800796+00:00","200","True","261.345",""
"2026-09-04T14:28:56.1811005+00:00","200","True","400.364",""
"2026-09-04T14:28:57.1810927+00:00","200","True","299.735",""
"2026-09-04T14:28:58.1813756+00:00","200","True","309.56",""
"2026-09-04T14:28:59.1817053+00:00","200","True","347.594",""
"2026-09-04T14:29:00.1821775+00:00","200","True","256.898",""
"2026-09-04T14:29:01.1826953+00:00","200","True","303.793",""
"2026-09-04T14:29:02.1830290+00:00","200","True","466.048",""
"2026-09-04T14:29:03.1837375+00:00","200","True","250.91",""
"2026-09-04T14:29:04.1841736+00:00","200","True","462.675",""
"2026-09-04T14:29:05.1846922+00:00","200","True","279.8",""
"2026-09-04T14:29:06.1850683+00:00","200","True","253.526",""
"2026-09-04T14:29:07.1853717+00:00","200","True","634.698",""
"2026-09-04T14:29:08.1854838+00:00","200","True","169.441",""
"2026-09-04T14:29:09.1854790+00:00","200","True","292.98",""
"2026-09-04T14:29:10.1859640+00:00","200","True","317.988",""
"2026-09-04T14:29:11.1864239+00:00","200","True","232.067",""
"2026-09-04T14:29:12.1871244+00:00","200","True","273.218",""
"2026-09-04T14:29:13.1878085+00:00","200","True","287.008",""
"2026-09-04T14:29:14.1883702+00:00","200","True","392.005",""
"2026-09-04T14:29:15.1889668+00:00","200","True","415.358",""
"2026-09-04T14:29:16.1891272+00:00","200","True","336.98",""
"2026-09-04T14:29:17.1895963+00:00","200","True","266.435",""
"2026-09-04T14:29:18.1897628+00:00","200","True","369.161",""
"2026-09-04T14:29:19.1903487+00:00","200","True","254.43",""
"2026-09-04T14:29:20.1903587+00:00","200","True","389.352",""
"2026-09-04T14:29:21.1904804+00:00","200","True","240.913",""
"2026-09-04T14:29:22.1908001+00:00","200","True","479.105",""
"2026-09-04T14:29:23.1915396+00:00","200","True","403.685",""
"2026-09-04T14:29:24.1917843+00:00","200","True","319.256",""
"2026-09-04T14:29:25.1926636+00:00","200","True","400.248",""
"2026-09-04T14:29:26.1936395+00:00","200","True","367.225",""
"2026-09-04T14:29:27.1944879+00:00","200","True","308.724",""
"2026-09-04T14:29:28.1946227+00:00","200","True","266.196",""
"2026-09-04T14:29:29.1957112+00:00","200","True","245.88",""
"2026-09-04T14:29:30.1960253+00:00","200","True","254.928",""
"2026-09-04T14:29:31.1968338+00:00","200","True","303.035",""
"2026-09-04T14:29:32.1977808+00:00","200","True","404.574",""
"2026-09-04T14:29:33.1978585+00:00","200","True","324.554",""
"2026-09-04T14:29:34.1979737+00:00","200","True","283.164",""
"2026-09-04T14:29:35.1985512+00:00","200","True","374.517",""
"2026-09-04T14:29:36.1991865+00:00","200","True","436.383",""
"2026-09-04T14:29:37.1992213+00:00","200","True","274.836",""
"2026-09-04T14:29:38.1994723+00:00","200","True","344.102",""
"2026-09-04T14:29:39.2000919+00:00","200","True","366.428",""
"2026-09-04T14:29:40.2002518+00:00","200","True","320.777",""
"2026-09-04T14:29:41.2006939+00:00","200","True","370.539",""
"2026-09-04T14:29:42.2009335+00:00","200","True","334.664",""
"2026-09-04T14:29:43.2011152+00:00","200","True","240.602",""
"2026-09-04T14:29:44.2011423+00:00","200","True","384.129",""
"2026-09-04T14:29:45.2017785+00:00","200","True","404.819",""
"2026-09-04T14:29:46.2019866+00:00","200","True","326.902",""
"2026-09-04T14:29:47.2027647+00:00","200","True","348.936",""
"2026-09-04T14:29:48.2034762+00:00","200","True","241.411",""
"2026-09-04T14:29:49.2033755+00:00","200","True","323.311",""
"2026-09-04T14:29:50.2043122+00:00","200","True","267.433",""
"2026-09-04T14:29:51.2042652+00:00","200","True","265.472",""
"2026-09-04T14:29:52.2044671+00:00","200","True","263.082",""
"2026-09-04T14:29:53.2050603+00:00","200","True","288.675",""
"2026-09-04T14:29:54.2051802+00:00","200","True","412.551",""
"2026-09-04T14:29:55.2052579+00:00","200","True","437.552",""
"2026-09-04T14:29:56.2054010+00:00","200","True","292.449",""
"2026-09-04T14:29:57.2054390+00:00","200","True","335.208",""
"2026-09-04T14:29:58.2062369+00:00","200","True","335.813",""
"2026-09-04T14:29:59.2066226+00:00","200","True","269.304",""
"2026-09-04T14:30:00.2066314+00:00","200","True","254.173",""
"2026-09-04T14:30:01.2073755+00:00","200","True","258.862",""
"2026-09-04T14:30:02.2078869+00:00","200","True","258.707",""
"2026-09-04T14:30:03.2081907+00:00","200","True","251.53",""
"2026-09-04T14:30:04.2086008+00:00","200","True","260.337",""
"2026-09-04T14:30:05.2086621+00:00","200","True","333.772",""
"2026-09-04T14:30:06.2090214+00:00","200","True","324.594",""
"2026-09-04T14:30:07.2091534+00:00","200","True","254.969",""
"2026-09-04T14:30:08.2099442+00:00","200","True","250.108",""
"2026-09-04T14:30:09.2106786+00:00","200","True","363.48",""
"2026-09-04T14:30:10.2109412+00:00","200","True","278.341",""
"2026-09-04T14:30:11.2118489+00:00","200","True","249.505",""
"2026-09-04T14:30:12.2119188+00:00","200","True","267.191",""
"2026-09-04T14:30:13.2128672+00:00","200","True","251.553",""
"2026-09-04T14:30:14.2133335+00:00","200","True","273.636",""
"2026-09-04T14:30:15.2134992+00:00","200","True","322.608",""
"2026-09-04T14:30:16.2137082+00:00","200","True","329.979",""
"2026-09-04T14:30:17.2142588+00:00","200","True","329.601",""
"2026-09-04T14:30:18.2145311+00:00","200","True","250.641",""
"2026-09-04T14:30:19.2148895+00:00","200","True","306.909",""
"2026-09-04T14:30:20.2154964+00:00","200","True","337.064",""
"2026-09-04T14:30:21.2162465+00:00","200","True","243.558",""
"2026-09-04T14:30:22.2164362+00:00","200","True","314.289",""
"2026-09-04T14:30:23.2174997+00:00","200","True","300.89",""
"2026-09-04T14:30:24.2178945+00:00","200","True","409.995",""
"2026-09-04T14:30:25.2186902+00:00","200","True","388.037",""
"2026-09-04T14:30:26.2193710+00:00","200","True","324.805",""
"2026-09-04T14:30:27.2199690+00:00","200","True","269.737",""
"2026-09-04T14:30:28.2205824+00:00","200","True","397.574",""
"2026-09-04T14:30:29.2207120+00:00","200","True","240.308",""
"2026-09-04T14:30:30.2215840+00:00","200","True","338.746",""
"2026-09-04T14:30:31.2220216+00:00","200","True","464.547",""
"2026-09-04T14:30:32.2221187+00:00","200","True","243.495",""
"2026-09-04T14:30:33.2222739+00:00","200","True","242.528",""
"2026-09-04T14:30:34.2223586+00:00","200","True","240.618",""
"2026-09-04T14:30:35.2227552+00:00","200","True","355.343",""
"2026-09-04T14:30:36.2231686+00:00","200","True","392.434",""
"2026-09-04T14:30:37.2234046+00:00","200","True","330.518",""
"2026-09-04T14:30:38.2236420+00:00","200","True","325.333",""
"2026-09-04T14:30:39.2246830+00:00","200","True","347.819",""
"2026-09-04T14:30:40.2251679+00:00","200","True","373.131",""
"2026-09-04T14:30:41.2259895+00:00","200","True","376.265",""
"2026-09-04T14:30:42.2269855+00:00","200","True","271.971",""
"2026-09-04T14:30:43.2276141+00:00","200","True","295.664",""
"2026-09-04T14:30:44.2279708+00:00","200","True","319.211",""
"2026-09-04T14:30:45.2289615+00:00","200","True","530.217",""
"2026-09-04T14:30:46.2297941+00:00","200","True","204.022",""
"2026-09-04T14:30:47.2305984+00:00","200","True","343.897",""
"2026-09-04T14:30:48.2310194+00:00","200","True","352.252",""
"2026-09-04T14:30:49.2317054+00:00","200","True","273.452",""
"2026-09-04T14:30:50.2315417+00:00","200","True","308.802",""
"2026-09-04T14:30:51.2319927+00:00","200","True","321.007",""
"2026-09-04T14:30:52.2328701+00:00","200","True","275.095",""
"2026-09-04T14:30:53.2336237+00:00","200","True","328.894",""
"2026-09-04T14:30:54.2341124+00:00","200","True","246.31",""
"2026-09-04T14:30:55.2349043+00:00","200","True","240.681",""
"2026-09-04T14:30:56.2350092+00:00","200","True","250.444",""
"2026-09-04T14:30:57.2347779+00:00","200","True","274.342",""
"2026-09-04T14:30:58.2354745+00:00","200","True","383.418",""
"2026-09-04T14:30:59.2357656+00:00","200","True","308.676",""
"2026-09-04T14:31:00.2360030+00:00","200","True","243.415",""
"2026-09-04T14:31:01.2360703+00:00","200","True","311.592",""
"2026-09-04T14:31:02.2362770+00:00","200","True","369.006",""
"2026-09-04T14:31:03.2367638+00:00","200","True","316.94",""
"2026-09-04T14:31:04.2372443+00:00","200","True","277.824",""
"2026-09-04T14:31:05.2377449+00:00","200","True","345.239",""
"2026-09-04T14:31:06.2413098+00:00","200","True","320.456",""
"2026-09-04T14:31:07.2413392+00:00","200","True","345.38",""
"2026-09-04T14:31:08.2414258+00:00","200","True","370.474",""
"2026-09-04T14:31:09.2417029+00:00","200","True","286.595",""
"2026-09-04T14:31:10.2417209+00:00","200","True","382.594",""
"2026-09-04T14:31:11.2417457+00:00","200","True","471.434",""
"2026-09-04T14:31:12.2416580+00:00","200","True","369.875",""
"2026-09-04T14:31:13.2420359+00:00","200","True","325.813",""
"2026-09-04T14:31:14.2426394+00:00","200","True","351.146",""
"2026-09-04T14:31:15.2435462+00:00","200","True","374.721",""
"2026-09-04T14:31:16.2438250+00:00","200","True","397.725",""
"2026-09-04T14:31:17.2440289+00:00","200","True","247.092",""
"2026-09-04T14:31:18.2446340+00:00","200","True","250.341",""
"2026-09-04T14:31:19.2455276+00:00","200","True","276.213",""
"2026-09-04T14:31:20.2463982+00:00","200","True","700.754",""
"2026-09-04T14:31:21.2468896+00:00","200","True","208.444",""
"2026-09-04T14:31:22.2469885+00:00","200","True","582.818",""
"2026-09-04T14:31:23.2472716+00:00","200","True","267.923",""
"2026-09-04T14:31:24.2478585+00:00","200","True","899.3",""
"2026-09-04T14:31:25.2479785+00:00","200","True","1336.619",""
"2026-09-04T14:31:26.5849855+00:00","200","True","458.038",""
"2026-09-04T14:31:27.5857307+00:00","200","True","484.08",""
"2026-09-04T14:31:28.5863426+00:00","200","True","450.225",""
"2026-09-04T14:31:29.5869733+00:00","200","True","621.124",""
"2026-09-04T14:31:30.5876760+00:00","200","True","442.769",""
"2026-09-04T14:31:31.5879433+00:00","200","True","501.222",""
"2026-09-04T14:31:32.5889429+00:00","200","True","387.334",""
"2026-09-04T14:31:33.5897525+00:00","200","True","335.114",""
"2026-09-04T14:31:34.5902762+00:00","200","True","441.892",""
"2026-09-04T14:31:35.5906613+00:00","200","True","787.238",""
"2026-09-04T14:31:36.5916473+00:00","200","True","528.722",""
"2026-09-04T14:31:37.5920575+00:00","200","True","347.865",""
"2026-09-04T14:31:38.5925080+00:00","200","True","526.664",""
"2026-09-04T14:31:39.5926985+00:00","200","True","591.812",""
"2026-09-04T14:31:40.5929992+00:00","200","True","316.986",""
"2026-09-04T14:31:41.5935374+00:00","200","True","314.028",""
"2026-09-04T14:31:42.5939886+00:00","200","True","1009.583",""
"2026-09-04T14:31:43.6038675+00:00","200","True","786.967",""
"2026-09-04T14:31:44.6042995+00:00","200","True","298.078",""
"2026-09-04T14:31:45.6048458+00:00","200","True","468.487",""
"2026-09-04T14:31:46.6048415+00:00","200","True","585.307",""
"2026-09-04T14:31:47.6046642+00:00","200","True","437.952",""
"2026-09-04T14:31:48.6052491+00:00","200","True","538.19",""
"2026-09-04T14:31:49.6059188+00:00","200","True","669.619",""
"2026-09-04T14:31:50.6060362+00:00","200","True","543.354",""
"2026-09-04T14:31:51.6068197+00:00","200","True","361.081",""
"2026-09-04T14:31:52.6073529+00:00","200","True","566.884",""
"2026-09-04T14:31:53.6077820+00:00","200","True","536.532",""
"2026-09-04T14:31:54.6078277+00:00","200","True","528.863",""
"2026-09-04T14:31:55.6081781+00:00","200","True","509.168",""
"2026-09-04T14:31:56.6089319+00:00","200","True","337.992",""
"2026-09-04T14:31:57.6095406+00:00","200","True","502.527",""
"2026-09-04T14:31:58.6095464+00:00","200","True","395.328",""
"2026-09-04T14:31:59.6094042+00:00","200","True","550.651",""
"2026-09-04T14:32:00.6094872+00:00","200","True","215.472",""
"2026-09-04T14:32:01.6094218+00:00","200","True","606.59",""
"2026-09-04T14:32:02.6094688+00:00","200","True","565.138",""
"2026-09-04T14:32:03.6101861+00:00","200","True","749.534",""
"2026-09-04T14:32:04.6103991+00:00","200","True","977.529",""
"2026-09-04T14:32:05.6104223+00:00","200","True","380.386",""
"2026-09-04T14:32:06.6102989+00:00","200","True","617.263",""
"2026-09-04T14:32:07.6109641+00:00","200","True","540.092",""
"2026-09-04T14:32:08.6114718+00:00","200","True","356.494",""
"2026-09-04T14:32:09.6115212+00:00","200","True","830.485",""
"2026-09-04T14:32:10.6113812+00:00","200","True","564.373",""
"2026-09-04T14:32:11.6112410+00:00","200","True","693.814",""
"2026-09-04T14:32:12.6117021+00:00","200","True","208.173",""
"2026-09-04T14:32:13.6124490+00:00","200","True","474.678",""
"2026-09-04T14:32:14.6125534+00:00","200","True","428.554",""
"2026-09-04T14:32:15.6126878+00:00","200","True","843.863",""
"2026-09-04T14:32:16.6129387+00:00","200","True","853.531",""
"2026-09-04T14:32:17.6129099+00:00","200","True","883.858",""
"2026-09-04T14:32:18.6133389+00:00","200","True","492.752",""
"2026-09-04T14:32:19.6135278+00:00","200","True","515.486",""
"2026-09-04T14:32:20.6135851+00:00","200","True","336.151",""
"2026-09-04T14:32:21.6146779+00:00","200","True","636.464",""
"2026-09-04T14:32:22.6147584+00:00","200","True","478.865",""
"2026-09-04T14:32:23.6151254+00:00","200","True","917.365",""
"2026-09-04T14:32:24.6149719+00:00","200","True","795.694",""
"2026-09-04T14:32:25.6151327+00:00","200","True","354.684",""
"2026-09-04T14:32:26.6153686+00:00","200","True","454.878",""
"2026-09-04T14:32:27.6157275+00:00","200","True","301.213",""
"2026-09-04T14:32:28.6164318+00:00","200","True","319.182",""
"2026-09-04T14:32:29.6171124+00:00","200","True","427.316",""
"2026-09-04T14:32:30.6178181+00:00","200","True","372.508",""
"2026-09-04T14:32:31.6177340+00:00","200","True","524.857",""
"2026-09-04T14:32:32.6180739+00:00","200","True","413.144",""
"2026-09-04T14:32:33.6186489+00:00","200","True","338.972",""
"2026-09-04T14:32:34.6190625+00:00","200","True","358.377",""
"2026-09-04T14:32:35.6198292+00:00","200","True","358.56",""
"2026-09-04T14:32:36.6201122+00:00","200","True","508.019",""
"2026-09-04T14:32:37.6205396+00:00","200","True","177.816",""
"2026-09-04T14:32:38.6209952+00:00","200","True","964",""
"2026-09-04T14:32:39.6215172+00:00","200","True","585.102",""
"2026-09-04T14:32:40.6222689+00:00","200","True","315.556",""
"2026-09-04T14:32:41.6226557+00:00","200","True","422.193",""
"2026-09-04T14:32:42.6234264+00:00","200","True","497.496",""
"2026-09-04T14:32:43.6234458+00:00","200","True","429.398",""
"2026-09-04T14:32:44.6232974+00:00","200","True","688.912",""
"2026-09-04T14:32:45.6237302+00:00","200","True","540.51",""
"2026-09-04T14:32:46.6238504+00:00","200","True","355.196",""
"2026-09-04T14:32:47.6246487+00:00","200","True","516.06",""
"2026-09-04T14:32:48.6251699+00:00","200","True","405.028",""
"2026-09-04T14:32:49.6256548+00:00","200","True","470.847",""
"2026-09-04T14:32:50.6260646+00:00","200","True","585.36",""
"2026-09-04T14:32:51.6263944+00:00","200","True","328.152",""
"2026-09-04T14:32:52.6269538+00:00","200","True","607.341",""
"2026-09-04T14:32:53.6270428+00:00","200","True","285.357",""
"2026-09-04T14:32:54.6280231+00:00","200","True","388.156",""
"2026-09-04T14:32:55.6288199+00:00","200","True","327.608",""
"2026-09-04T14:32:56.6291257+00:00","200","True","367.743",""
"2026-09-04T14:32:57.6295578+00:00","200","True","595.382",""
"2026-09-04T14:32:58.6300063+00:00","200","True","228.76",""
"2026-09-04T14:32:59.6301658+00:00","200","True","366.53",""
"2026-09-04T14:33:00.6302635+00:00","200","True","478.554",""
"2026-09-04T14:33:01.6302632+00:00","200","True","419.118",""
"2026-09-04T14:33:02.6309455+00:00","200","True","408.654",""
"2026-09-04T14:33:03.6310705+00:00","200","True","604.011",""
"2026-09-04T14:33:04.6315914+00:00","200","True","297.844",""
"2026-09-04T14:33:05.6318924+00:00","200","True","692.321",""
"2026-09-04T14:33:06.6325927+00:00","200","True","699.14",""
"2026-09-04T14:33:07.6332391+00:00","200","True","378.584",""
"2026-09-04T14:33:08.6337009+00:00","200","True","411.162",""
"2026-09-04T14:33:09.6343176+00:00","200","True","394.384",""
"2026-09-04T14:33:10.6347203+00:00","200","True","1273.109",""
"2026-09-04T14:33:11.9082039+00:00","200","True","245.685",""
"2026-09-04T14:33:12.9083428+00:00","200","True","407.875",""
"2026-09-04T14:33:13.9087877+00:00","200","True","1128.732",""
"2026-09-04T14:33:15.0378471+00:00","200","True","443.135",""
"2026-09-04T14:33:16.0385152+00:00","200","True","522.068",""
"2026-09-04T14:33:17.0391105+00:00","200","True","422.187",""
"2026-09-04T14:33:18.0399765+00:00","200","True","609.702",""
"2026-09-04T14:33:19.0407242+00:00","200","True","294.284",""
"2026-09-04T14:33:20.0418169+00:00","200","True","504.553",""
"2026-09-04T14:33:21.0419409+00:00","200","True","648.885",""
"2026-09-04T14:33:22.0423158+00:00","200","True","288.455",""
"2026-09-04T14:33:23.0421962+00:00","200","True","467.125",""
"2026-09-04T14:33:24.0427501+00:00","200","True","501.54",""
"2026-09-04T14:33:25.0427195+00:00","200","True","444.554",""
"2026-09-04T14:33:26.0425793+00:00","200","True","807.199",""
"2026-09-04T14:33:27.0432954+00:00","200","True","698.409",""
"2026-09-04T14:33:28.0431279+00:00","200","True","195.725",""
"2026-09-04T14:33:29.0434176+00:00","200","True","452.47",""
"2026-09-04T14:33:30.0433532+00:00","200","True","333.59",""
"2026-09-04T14:33:31.0434284+00:00","200","True","300.474",""
"2026-09-04T14:33:32.0432535+00:00","200","True","397.436",""
"2026-09-04T14:33:33.0431485+00:00","200","True","431.876",""
"2026-09-04T14:33:34.0435122+00:00","200","True","421.768",""
"2026-09-04T14:33:35.0436366+00:00","200","True","452.436",""
"2026-09-04T14:33:36.0438677+00:00","200","True","341.774",""
"2026-09-04T14:33:37.0440394+00:00","200","True","348.52",""
"2026-09-04T14:33:38.0439656+00:00","200","True","493.908",""
"2026-09-04T14:33:39.0442435+00:00","200","True","1202.604",""
"2026-09-04T14:33:40.2469620+00:00","200","True","493.206",""
"2026-09-04T14:33:41.2476029+00:00","200","True","622.041",""
"2026-09-04T14:33:42.2480649+00:00","200","True","535.31",""
"2026-09-04T14:33:43.2488120+00:00","200","True","237.978",""
"2026-09-04T14:33:44.2492570+00:00","200","True","421.213",""
"2026-09-04T14:33:45.2499093+00:00","200","True","409.71",""
"2026-09-04T14:33:46.2500854+00:00","200","True","569.837",""
"2026-09-04T14:33:47.2505430+00:00","200","True","323.241",""
"2026-09-04T14:33:48.2513229+00:00","200","True","634.618",""
"2026-09-04T14:33:49.2517987+00:00","200","True","378.472",""
"2026-09-04T14:33:50.2516047+00:00","200","True","307.115",""
"2026-09-04T14:33:51.2521001+00:00","200","True","248.971",""
"2026-09-04T14:33:52.2526499+00:00","200","True","295.132",""
"2026-09-04T14:33:53.2533347+00:00","200","True","285.75",""
"2026-09-04T14:33:54.2534846+00:00","200","True","310.297",""
"2026-09-04T14:33:55.2542348+00:00","200","True","369.197",""
"2026-09-04T14:33:56.2548729+00:00","200","True","337.815",""
"2026-09-04T14:33:57.2553782+00:00","200","True","314.288",""
"2026-09-04T14:33:58.2560888+00:00","200","True","339.632",""
"2026-09-04T14:33:59.2560884+00:00","200","True","362.918",""
"2026-09-04T14:34:00.2568136+00:00","200","True","321.471",""
"2026-09-04T14:34:01.2580628+00:00","200","True","254.361",""
"2026-09-04T14:34:02.2589668+00:00","200","True","271.525",""
"2026-09-04T14:34:03.2589046+00:00","200","True","294.58",""
"2026-09-04T14:34:04.2589347+00:00","200","True","319.501",""
"2026-09-04T14:34:05.2592383+00:00","200","True","332.74",""
"2026-09-04T14:34:06.2596351+00:00","200","True","397.103",""
"2026-09-04T14:34:07.2602534+00:00","200","True","287.891",""
"2026-09-04T14:34:08.2605511+00:00","200","True","260.092",""
"2026-09-04T14:34:09.2610252+00:00","200","True","252.992",""
"2026-09-04T14:34:10.2615396+00:00","200","True","349.911",""
"2026-09-04T14:34:11.2618995+00:00","200","True","357.235",""
"2026-09-04T14:34:12.2625768+00:00","200","True","350.322",""
"2026-09-04T14:34:13.2632515+00:00","200","True","434.824",""
"2026-09-04T14:34:14.2634982+00:00","200","True","232.523",""
"2026-09-04T14:34:15.2635575+00:00","200","True","427.274",""
"2026-09-04T14:34:16.2658121+00:00","200","True","411.259",""
"2026-09-04T14:34:17.2665371+00:00","200","True","443.298",""
"2026-09-04T14:34:18.2672826+00:00","200","True","238.551",""
"2026-09-04T14:34:19.2672285+00:00","200","True","363.343",""
"2026-09-04T14:34:20.2679188+00:00","200","True","346.768",""
"2026-09-04T14:34:21.2680736+00:00","200","True","243.399",""
"2026-09-04T14:34:22.2679337+00:00","200","True","256.755",""
"2026-09-04T14:34:23.2681361+00:00","200","True","261.129",""
"2026-09-04T14:34:24.2689905+00:00","200","True","277.028",""
"2026-09-04T14:34:25.2710880+00:00","200","True","371.153",""
"2026-09-04T14:34:26.2718527+00:00","200","True","370.327",""
"2026-09-04T14:34:27.2726652+00:00","200","True","251.798",""
"2026-09-04T14:34:28.2729174+00:00","200","True","378.576",""
"2026-09-04T14:34:29.2728558+00:00","200","True","246.16",""
"2026-09-04T14:34:30.2731640+00:00","200","True","328.853",""
"2026-09-04T14:34:31.2734361+00:00","200","True","241.799",""
"2026-09-04T14:34:32.2735885+00:00","200","True","254.801",""
"2026-09-04T14:34:33.2738989+00:00","200","True","333.874",""
"2026-09-04T14:34:34.2742302+00:00","200","True","408.827",""
"2026-09-04T14:34:35.2745224+00:00","200","True","348.815",""
"2026-09-04T14:34:36.2751052+00:00","200","True","340.78",""
"2026-09-04T14:34:37.2752315+00:00","200","True","384.031",""
"2026-09-04T14:34:38.2756427+00:00","200","True","330.436",""
"2026-09-04T14:34:39.2756349+00:00","200","True","287.834",""
"2026-09-04T14:34:40.2773277+00:00","200","True","348.077",""
"2026-09-04T14:34:41.2779466+00:00","200","True","324.857",""
"2026-09-04T14:34:42.2782734+00:00","200","True","315.381",""
"2026-09-04T14:34:43.2781554+00:00","200","True","328.458",""
"2026-09-04T14:34:44.2779716+00:00","200","True","258.008",""
"2026-09-04T14:34:45.2783862+00:00","200","True","350.359",""
"2026-09-04T14:34:46.2792315+00:00","200","True","443.043",""
"2026-09-04T14:34:47.2796534+00:00","200","True","305.996",""
"2026-09-04T14:34:48.2799732+00:00","200","True","235.266",""
"2026-09-04T14:34:49.2806083+00:00","200","True","280.28",""
"2026-09-04T14:34:50.2813958+00:00","200","True","403.222",""
"2026-09-04T14:34:51.2820944+00:00","200","True","399.54",""
"2026-09-04T14:34:52.2820396+00:00","200","True","323.491",""
"2026-09-04T14:34:53.2824033+00:00","200","True","279.116",""
"2026-09-04T14:34:54.2830386+00:00","200","True","310.195",""
"2026-09-04T14:34:55.2839822+00:00","200","True","494.856",""
"2026-09-04T14:34:56.2843320+00:00","200","True","709.093",""
"2026-09-04T14:34:57.2848890+00:00","200","True","541.742",""
"2026-09-04T14:34:58.2851430+00:00","200","True","156.534",""
"2026-09-04T14:34:59.2853303+00:00","200","True","294.88",""
"2026-09-04T14:35:00.2893459+00:00","200","True","405.663",""
"2026-09-04T14:35:01.2897598+00:00","200","True","304.545",""
"2026-09-04T14:35:02.2900875+00:00","200","True","282.323",""
"2026-09-04T14:35:03.2909346+00:00","200","True","453.778",""
"2026-09-04T14:35:04.2913591+00:00","200","True","451.46",""
"2026-09-04T14:35:05.2912849+00:00","200","True","324.57",""
"2026-09-04T14:35:06.2909440+00:00","200","True","409.139",""
"2026-09-04T14:35:07.2916455+00:00","200","True","295.449",""
"2026-09-04T14:35:08.2915640+00:00","200","True","273.401",""
"2026-09-04T14:35:09.2923371+00:00","200","True","308.803",""
"2026-09-04T14:35:10.2925514+00:00","200","True","578.12",""
"2026-09-04T14:35:11.2930538+00:00","200","True","274.288",""
"2026-09-04T14:35:12.2938469+00:00","200","True","380.156",""
"2026-09-04T14:35:13.2943791+00:00","200","True","251.979",""
"2026-09-04T14:35:14.2947686+00:00","200","True","255.578",""
"2026-09-04T14:35:15.2947608+00:00","200","True","365.253",""
"2026-09-04T14:35:16.2946909+00:00","200","True","308.455",""
"2026-09-04T14:35:17.2946418+00:00","200","True","293.972",""
"2026-09-04T14:35:18.2949840+00:00","200","True","262.428",""
"2026-09-04T14:35:19.2948393+00:00","200","True","245.703",""
"2026-09-04T14:35:20.2949505+00:00","200","True","311.883",""
"2026-09-04T14:35:21.2953010+00:00","200","True","389.151",""
"2026-09-04T14:35:22.2958821+00:00","200","True","336.282",""
"2026-09-04T14:35:23.2966423+00:00","200","True","289.032",""
"2026-09-04T14:35:24.2970806+00:00","200","True","311.898",""
"2026-09-04T14:35:25.2976154+00:00","200","True","357.053",""
"2026-09-04T14:35:26.2980562+00:00","200","True","608.951",""
"2026-09-04T14:35:27.2985842+00:00","200","True","229.25",""
"2026-09-04T14:35:28.2991879+00:00","200","True","349.154",""
"2026-09-04T14:35:29.2997971+00:00","200","True","246.117",""
"2026-09-04T14:35:30.3003499+00:00","200","True","295.236",""
"2026-09-04T14:35:31.3011322+00:00","200","True","234.51",""
"2026-09-04T14:35:32.3009922+00:00","200","True","269.124",""
"2026-09-04T14:35:33.3015638+00:00","200","True","363.801",""
"2026-09-04T14:35:34.3018651+00:00","200","True","284.954",""
"2026-09-04T14:35:35.3022189+00:00","200","True","380.294",""
"2026-09-04T14:35:36.3027576+00:00","200","True","333.327",""
"2026-09-04T14:35:37.3025878+00:00","200","True","356.743",""
"2026-09-04T14:35:38.3027179+00:00","200","True","338.895",""
"2026-09-04T14:35:39.3033210+00:00","200","True","280.542",""
"2026-09-04T14:35:40.3033213+00:00","200","True","361.145",""
"2026-09-04T14:35:41.3040202+00:00","200","True","287.53",""
"2026-09-04T14:35:42.3040817+00:00","200","True","371.994",""
"2026-09-04T14:35:43.3044774+00:00","200","True","319.002",""
"2026-09-04T14:35:44.3048788+00:00","200","True","271.767",""
"2026-09-04T14:35:45.3050686+00:00","200","True","340.31",""
"2026-09-04T14:35:46.3057653+00:00","200","True","330.767",""
"2026-09-04T14:35:47.3059364+00:00","200","True","436.896",""
"2026-09-04T14:35:48.3062360+00:00","200","True","334.614",""
"2026-09-04T14:35:49.3063932+00:00","200","True","296.365",""
"2026-09-04T14:35:50.3071896+00:00","200","True","357.3",""
"2026-09-04T14:35:51.3079580+00:00","200","True","278.6",""
"2026-09-04T14:35:52.3081651+00:00","200","True","303.61",""
"2026-09-04T14:35:53.3088132+00:00","200","True","327.011",""
"2026-09-04T14:35:54.3093883+00:00","200","True","316.382",""
"2026-09-04T14:35:55.3093160+00:00","200","True","302.852",""
"2026-09-04T14:35:56.3096432+00:00","200","True","250.969",""
"2026-09-04T14:35:57.3099883+00:00","200","True","321.541",""
"2026-09-04T14:35:58.3100370+00:00","200","True","545.035",""
"2026-09-04T14:35:59.3105546+00:00","200","True","132.033",""
"2026-09-04T14:36:00.3109630+00:00","200","True","264.932",""
"2026-09-04T14:36:01.3115789+00:00","200","True","286.011",""
"2026-09-04T14:36:02.3121555+00:00","200","True","265.102",""
"2026-09-04T14:36:03.3128663+00:00","200","True","254.926",""
"2026-09-04T14:36:04.3132850+00:00","200","True","373.094",""
"2026-09-04T14:36:05.3138493+00:00","200","True","314.968",""
"2026-09-04T14:36:06.3159229+00:00","200","True","473.151",""
"2026-09-04T14:36:07.3165279+00:00","200","True","348.274",""
"2026-09-04T14:36:08.3173708+00:00","200","True","264.783",""
"2026-09-04T14:36:09.3181512+00:00","200","True","351.809",""
"2026-09-04T14:36:10.3185209+00:00","200","True","393.073",""
"2026-09-04T14:36:11.3189808+00:00","200","True","240.131",""
"2026-09-04T14:36:12.3196331+00:00","200","True","245.03",""
"2026-09-04T14:36:13.3200833+00:00","200","True","283.559",""
"2026-09-04T14:36:14.3201121+00:00","200","True","335.464",""
"2026-09-04T14:36:15.3199507+00:00","200","True","351.761",""
"2026-09-04T14:36:16.3202087+00:00","200","True","457.66",""
"2026-09-04T14:36:17.3204146+00:00","200","True","287.791",""
"2026-09-04T14:36:18.3206252+00:00","200","True","300.235",""
"2026-09-04T14:36:19.3212802+00:00","200","True","241.248",""
"2026-09-04T14:36:20.3219822+00:00","200","True","325.707",""
"2026-09-04T14:36:21.3221154+00:00","200","True","299.43",""
"2026-09-04T14:36:22.3219150+00:00","200","True","398.244",""
"2026-09-04T14:36:23.3226638+00:00","200","True","263.647",""
"2026-09-04T14:36:24.3228564+00:00","200","True","266.933",""
"2026-09-04T14:36:25.3231870+00:00","200","True","551.33",""
"2026-09-04T14:36:26.3241650+00:00","200","True","140.94",""
"2026-09-04T14:36:27.3245746+00:00","200","True","369.007",""
"2026-09-04T14:36:28.3254853+00:00","200","True","368.844",""
"2026-09-04T14:36:29.3263591+00:00","200","True","309.054",""
"2026-09-04T14:36:30.3270605+00:00","200","True","330.456",""
"2026-09-04T14:36:31.3269577+00:00","200","True","299.636",""
"2026-09-04T14:36:32.3284605+00:00","200","True","321.434",""
"2026-09-04T14:36:33.3283256+00:00","200","True","267.917",""
"2026-09-04T14:36:34.3285936+00:00","200","True","368.407",""
"2026-09-04T14:36:35.3284888+00:00","200","True","290.183",""
"2026-09-04T14:36:36.3294601+00:00","200","True","473.381",""
"2026-09-04T14:36:37.3302614+00:00","200","True","262.538",""
"2026-09-04T14:36:38.3304080+00:00","200","True","374.222",""
"2026-09-04T14:36:39.3310927+00:00","200","True","395.047",""
"2026-09-04T14:36:40.3316236+00:00","200","True","374.136",""
"2026-09-04T14:36:41.3323053+00:00","200","True","236.258",""
"2026-09-04T14:36:42.3331710+00:00","200","True","242.288",""
"2026-09-04T14:36:43.3338160+00:00","200","True","339.646",""
"2026-09-04T14:36:44.3343799+00:00","200","True","362.45",""
"2026-09-04T14:36:45.3343150+00:00","200","True","354.441",""
"2026-09-04T14:36:46.3343876+00:00","200","True","349.086",""
"2026-09-04T14:36:47.3348958+00:00","200","True","291.09",""
"2026-09-04T14:36:48.3356050+00:00","200","True","309.269",""
"2026-09-04T14:36:49.3362474+00:00","200","True","255.853",""
"2026-09-04T14:36:50.3365354+00:00","200","True","243.676",""
"2026-09-04T14:36:51.3368051+00:00","200","True","322.944",""
"2026-09-04T14:36:52.3375848+00:00","200","True","243.473",""
"2026-09-04T14:36:53.3377179+00:00","200","True","345.503",""
"2026-09-04T14:36:54.3376184+00:00","200","True","327.678",""
"2026-09-04T14:36:55.3379227+00:00","200","True","369.146",""
"2026-09-04T14:36:56.3386058+00:00","200","True","384.709",""
"2026-09-04T14:36:57.3389052+00:00","200","True","312.46",""
"2026-09-04T14:36:58.3388518+00:00","200","True","320.591",""
"2026-09-04T14:36:59.3389419+00:00","200","True","345.452",""
"2026-09-04T14:37:00.3391022+00:00","200","True","313.452",""
"2026-09-04T14:37:01.3390930+00:00","200","True","340.416",""
"2026-09-04T14:37:02.3390726+00:00","200","True","323.707",""
"2026-09-04T14:37:03.3391693+00:00","200","True","242.85",""
"2026-09-04T14:37:04.3395124+00:00","200","True","251.27",""
"2026-09-04T14:37:05.3402122+00:00","200","True","319.974",""
"2026-09-04T14:37:06.3407628+00:00","200","True","269.03",""
"2026-09-04T14:37:07.3414699+00:00","200","True","269.299",""
"2026-09-04T14:37:08.3413143+00:00","200","True","283.446",""
"2026-09-04T14:37:09.3414479+00:00","200","True","325.12",""
"2026-09-04T14:37:10.3420097+00:00","200","True","326.738",""
"2026-09-04T14:37:11.3421327+00:00","200","True","275.303",""
"2026-09-04T14:37:12.3429661+00:00","200","True","327.758",""
"2026-09-04T14:37:13.3443468+00:00","200","True","239.866",""
"2026-09-04T14:37:14.3446251+00:00","200","True","264.611",""
"2026-09-04T14:37:15.3447714+00:00","200","True","512.162",""
"2026-09-04T14:37:16.3454304+00:00","200","True","335.84",""
"2026-09-04T14:37:17.3457684+00:00","200","True","327.154",""
"2026-09-04T14:37:18.3463063+00:00","200","True","280.819",""
"2026-09-04T14:37:19.3465241+00:00","200","True","306.98",""
"2026-09-04T14:37:20.3474974+00:00","200","True","326.942",""
"2026-09-04T14:37:21.3478503+00:00","200","True","266.421",""
"2026-09-04T14:37:22.3476833+00:00","200","True","304.629",""
"2026-09-04T14:37:23.3477200+00:00","200","True","291.748",""
"2026-09-04T14:37:24.3479925+00:00","200","True","283.16",""
"2026-09-04T14:37:25.3485855+00:00","200","True","291.716",""
"2026-09-04T14:37:26.3487728+00:00","200","True","368.198",""
"2026-09-04T14:37:27.3494776+00:00","200","True","295.885",""
"2026-09-04T14:37:28.3498667+00:00","200","True","408.616",""
"2026-09-04T14:37:29.3499072+00:00","200","True","336.002",""
"2026-09-04T14:37:30.3504428+00:00","200","True","257.447",""
"2026-09-04T14:37:31.3503591+00:00","200","True","316.949",""
"2026-09-04T14:37:32.3508110+00:00","200","True","360.583",""
"2026-09-04T14:37:33.3507659+00:00","200","True","243.58",""
"2026-09-04T14:37:34.3508989+00:00","200","True","327.438",""
"2026-09-04T14:37:35.3507852+00:00","200","True","324.016",""
"2026-09-04T14:37:36.3523598+00:00","200","True","509.247",""
"2026-09-04T14:37:37.3531385+00:00","200","True","145.385",""
"2026-09-04T14:37:38.3538726+00:00","200","True","246.292",""
"2026-09-04T14:37:39.3547077+00:00","200","True","284.496",""
"2026-09-04T14:37:40.3546201+00:00","200","True","288.249",""
"2026-09-04T14:37:41.3552334+00:00","200","True","311.82",""
"2026-09-04T14:37:42.3574064+00:00","200","True","342.656",""
"2026-09-04T14:37:43.3575651+00:00","200","True","314.772",""
"2026-09-04T14:37:44.3577379+00:00","200","True","244.664",""
"2026-09-04T14:37:45.3578228+00:00","200","True","342.441",""
"2026-09-04T14:37:46.3577669+00:00","200","True","531.583",""
"2026-09-04T14:37:47.3577436+00:00","200","True","131.354",""
"2026-09-04T14:37:48.3584351+00:00","200","True","311.08",""
"2026-09-04T14:37:49.3589220+00:00","200","True","304.916",""
"2026-09-04T14:37:50.3594793+00:00","200","True","241.761",""
"2026-09-04T14:37:51.3596370+00:00","200","True","328.075",""
"2026-09-04T14:37:52.3602473+00:00","200","True","242.233",""
"2026-09-04T14:37:53.3609641+00:00","200","True","285.407",""
"2026-09-04T14:37:54.3608253+00:00","200","True","415.377",""
"2026-09-04T14:37:55.3607436+00:00","200","True","323.562",""
"2026-09-04T14:37:56.3609180+00:00","200","True","504.647",""
"2026-09-04T14:37:57.3610342+00:00","200","True","340.846",""
"2026-09-04T14:37:58.3613812+00:00","200","True","373.154",""
"2026-09-04T14:37:59.3619516+00:00","200","True","354.057",""
"2026-09-04T14:38:00.3623756+00:00","200","True","354.77",""
"2026-09-04T14:38:01.3628554+00:00","200","True","374.438",""
"2026-09-04T14:38:02.3627707+00:00","200","True","296.547",""
"2026-09-04T14:38:03.3627636+00:00","200","True","320.382",""
"2026-09-04T14:38:04.3635240+00:00","200","True","274.513",""
"2026-09-04T14:38:05.3636848+00:00","200","True","432.259",""
"2026-09-04T14:38:06.3667085+00:00","200","True","379.38",""
"2026-09-04T14:38:07.3664975+00:00","200","True","377.022",""
"2026-09-04T14:38:08.3669366+00:00","200","True","355.87",""
"2026-09-04T14:38:09.3673555+00:00","200","True","358.634",""
"2026-09-04T14:38:10.3673709+00:00","200","True","622.279",""
"2026-09-04T14:38:11.3684148+00:00","200","True","218.677",""
"2026-09-04T14:38:12.3688135+00:00","200","True","329.45",""
"2026-09-04T14:38:13.3688611+00:00","200","True","342.276",""
"2026-09-04T14:38:14.3686741+00:00","200","True","308.028",""
"2026-09-04T14:38:15.3693450+00:00","200","True","434.758",""
"2026-09-04T14:38:16.3696400+00:00","200","True","622.082",""
"2026-09-04T14:38:17.3702049+00:00","200","True","247.463",""
"2026-09-04T14:38:18.3701949+00:00","200","True","328.728",""
"2026-09-04T14:38:19.3703275+00:00","200","True","389.714",""
"2026-09-04T14:38:20.3704425+00:00","200","True","476.356",""
"2026-09-04T14:38:21.3715984+00:00","200","True","341.64",""
"2026-09-04T14:38:22.3716159+00:00","200","True","337.721",""
"2026-09-04T14:38:23.3717939+00:00","200","True","371.718",""
"2026-09-04T14:38:24.3719176+00:00","200","True","333.428",""
"2026-09-04T14:38:25.3718430+00:00","200","True","453.917",""
"2026-09-04T14:38:26.3721839+00:00","200","True","358.594",""
"2026-09-04T14:38:27.3723275+00:00","200","True","371.833",""
"2026-09-04T14:38:28.3726995+00:00","200","True","258.048",""
"2026-09-04T14:38:29.3732041+00:00","200","True","270.07",""
"2026-09-04T14:38:30.3742405+00:00","200","True","335.138",""
"2026-09-04T14:38:31.3748134+00:00","200","True","368.334",""
"2026-09-04T14:38:32.3757981+00:00","200","True","286.832",""
"2026-09-04T14:38:33.3760518+00:00","200","True","311.845",""
"2026-09-04T14:38:34.3762620+00:00","200","True","257.021",""
"2026-09-04T14:38:35.3766610+00:00","200","True","555.223",""
"2026-09-04T14:38:36.3776721+00:00","200","True","387.244",""
"2026-09-04T14:38:37.3783086+00:00","200","True","256.221",""
"2026-09-04T14:38:38.3789735+00:00","200","True","278.996",""
"2026-09-04T14:38:39.3793868+00:00","200","True","307.282",""
"2026-09-04T14:38:40.3801271+00:00","200","True","350.21",""
"2026-09-04T14:38:41.3809137+00:00","200","True","350.257",""
"2026-09-04T14:38:42.3817021+00:00","200","True","334.038",""
"2026-09-04T14:38:43.3824171+00:00","200","True","340.432",""
"2026-09-04T14:38:44.3822435+00:00","200","True","369.114",""
"2026-09-04T14:38:45.3828685+00:00","200","True","318.436",""
"2026-09-04T14:38:46.3828644+00:00","200","True","616.995",""
"2026-09-04T14:38:47.3832992+00:00","200","True","221.856",""
"2026-09-04T14:38:48.3835367+00:00","200","True","310.527",""
"2026-09-04T14:38:49.3834799+00:00","200","True","313.17",""
"2026-09-04T14:38:50.3840812+00:00","200","True","246.208",""
"2026-09-04T14:38:51.3847745+00:00","200","True","364.404",""
"2026-09-04T14:38:52.3846992+00:00","200","True","360.196",""
"2026-09-04T14:38:53.3852953+00:00","200","True","896.987",""
"2026-09-04T14:38:54.3857434+00:00","200","True","431.206",""
"2026-09-04T14:38:55.3865359+00:00","200","True","524.753",""
"2026-09-04T14:38:56.3867602+00:00","200","True","226.603",""
"2026-09-04T14:38:57.3876141+00:00","200","True","484.022",""
"2026-09-04T14:38:58.3904462+00:00","200","True","589.57",""
"2026-09-04T14:38:59.3905434+00:00","200","True","348.636",""
"2026-09-04T14:39:00.3905427+00:00","200","True","515.729",""
"2026-09-04T14:39:01.3907387+00:00","200","True","549.092",""
"2026-09-04T14:39:02.3912105+00:00","200","True","390.353",""
"2026-09-04T14:39:03.3919861+00:00","200","True","463.724",""
"2026-09-04T14:39:04.3921362+00:00","200","True","364.035",""
"2026-09-04T14:39:05.3926213+00:00","200","True","298.816",""
"2026-09-04T14:39:06.3932666+00:00","200","True","301.833",""
"2026-09-04T14:39:07.3935222+00:00","200","True","733.97",""
"2026-09-04T14:39:08.3939121+00:00","200","True","209.184",""
"2026-09-04T14:39:09.3945835+00:00","200","True","476.853",""
"2026-09-04T14:39:10.3948454+00:00","200","True","282.05",""
"2026-09-04T14:39:11.3953179+00:00","200","True","509.363",""
"2026-09-04T14:39:12.3960841+00:00","200","True","290.483",""
"2026-09-04T14:39:13.3960957+00:00","200","True","472.691",""
"2026-09-04T14:39:14.3962350+00:00","200","True","456.941",""
"2026-09-04T14:39:15.3998793+00:00","200","True","989.912",""
"2026-09-04T14:39:16.4016156+00:00","200","True","465.474",""
"2026-09-04T14:39:17.4015802+00:00","200","True","457.411",""
"2026-09-04T14:39:18.4018651+00:00","200","True","394.373",""
"2026-09-04T14:39:19.4017623+00:00","200","True","361.784",""
"2026-09-04T14:39:20.4021620+00:00","200","True","603.448",""
"2026-09-04T14:39:21.4020229+00:00","200","True","414.029",""
"2026-09-04T14:39:22.4024494+00:00","200","True","306.853",""
"2026-09-04T14:39:23.4027643+00:00","200","True","498.992",""
"2026-09-04T14:39:24.4031764+00:00","200","True","532.727",""
"2026-09-04T14:39:25.4033036+00:00","200","True","313.385",""
"2026-09-04T14:39:26.4031991+00:00","200","True","741.251",""
"2026-09-04T14:39:27.4038807+00:00","200","True","350.291",""
"2026-09-04T14:39:28.4045729+00:00","200","True","553.168",""
"2026-09-04T14:39:29.4051595+00:00","200","True","848.011",""
"2026-09-04T14:39:30.4055816+00:00","200","True","728.182",""
"2026-09-04T14:39:31.4063292+00:00","200","True","209.904",""
"2026-09-04T14:39:32.4067265+00:00","200","True","572.005",""
"2026-09-04T14:39:33.4071203+00:00","200","True","389.603",""
"2026-09-04T14:39:34.4070731+00:00","200","True","618.54",""
"2026-09-04T14:39:35.4070463+00:00","200","True","542.905",""
"2026-09-04T14:39:36.4078751+00:00","200","True","769.988",""
"2026-09-04T14:39:37.4085294+00:00","200","True","1339.018",""
"2026-09-04T14:39:38.7476645+00:00","200","True","882.805",""
"2026-09-04T14:39:39.7479852+00:00","200","True","244.004",""
"2026-09-04T14:39:40.7484014+00:00","200","True","438.658",""
"2026-09-04T14:39:41.7485902+00:00","200","True","294.495",""
"2026-09-04T14:39:42.7484495+00:00","200","True","367.346",""
"2026-09-04T14:39:43.7492310+00:00","200","True","313.836",""
"2026-09-04T14:39:44.7494886+00:00","200","True","949.331",""
"2026-09-04T14:39:45.7494520+00:00","200","True","582.947",""
"2026-09-04T14:39:46.7498421+00:00","200","True","462.584",""
"2026-09-04T14:39:47.7500734+00:00","200","True","736.566",""
"2026-09-04T14:39:48.7500742+00:00","200","True","592.409",""
"2026-09-04T14:39:49.7499292+00:00","200","True","435.086",""
"2026-09-04T14:39:50.7504144+00:00","200","True","276.963",""
"2026-09-04T14:39:51.7507283+00:00","200","True","351.447",""
"2026-09-04T14:39:52.7506043+00:00","200","True","812.098",""
"2026-09-04T14:39:53.7514815+00:00","200","True","401.531",""
"2026-09-04T14:39:54.7515692+00:00","200","True","417.13",""
"2026-09-04T14:39:55.7522522+00:00","200","True","443.735",""
"2026-09-04T14:39:56.7764848+00:00","200","True","571.708",""
"2026-09-04T14:39:57.7767693+00:00","200","True","434.406",""
"2026-09-04T14:39:58.7775374+00:00","200","True","422.589",""
"2026-09-04T14:39:59.7776829+00:00","200","True","459.165",""
"2026-09-04T14:40:00.7783739+00:00","200","True","861.399",""
"2026-09-04T14:40:01.7784564+00:00","200","True","185.991",""
"2026-09-04T14:40:02.7791433+00:00","200","True","508.928",""
"2026-09-04T14:40:03.7794879+00:00","200","True","198.699",""
"2026-09-04T14:40:04.7797746+00:00","200","True","391.481",""
"2026-09-04T14:40:05.7796742+00:00","200","True","456.168",""
"2026-09-04T14:40:06.7802414+00:00","200","True","1024.01",""
"2026-09-04T14:40:07.8046564+00:00","200","True","298.457",""
"2026-09-04T14:40:08.8045316+00:00","200","True","320.332",""
"2026-09-04T14:40:09.8060775+00:00","200","True","325.265",""
"2026-09-04T14:40:10.8068244+00:00","200","True","367.188",""
"2026-09-04T14:40:11.8074867+00:00","200","True","599.559",""
"2026-09-04T14:40:12.8074707+00:00","200","True","611.607",""
"2026-09-04T14:40:13.8074691+00:00","200","True","746.362",""
"2026-09-04T14:40:14.8082733+00:00","200","True","162.023",""
"2026-09-04T14:40:15.8087825+00:00","200","True","374.995",""
"2026-09-04T14:40:16.8095132+00:00","200","True","536.86",""
"2026-09-04T14:40:17.8099154+00:00","200","True","430.765",""
"2026-09-04T14:40:18.8102227+00:00","200","True","278.058",""
"2026-09-04T14:40:19.8109508+00:00","200","True","476.398",""
"2026-09-04T14:40:20.8117809+00:00","200","True","718.976",""
"2026-09-04T14:40:21.8124100+00:00","200","True","444.567",""
"2026-09-04T14:40:22.8124159+00:00","200","True","417.395",""
"2026-09-04T14:40:23.8132428+00:00","200","True","698.51",""
"2026-09-04T14:40:24.8134110+00:00","200","True","385.776",""
"2026-09-04T14:40:25.8137116+00:00","200","True","435.134",""
"2026-09-04T14:40:26.8144223+00:00","200","True","443.444",""
"2026-09-04T14:40:27.8145930+00:00","200","True","988.025",""
"2026-09-04T14:40:28.8149479+00:00","200","True","209.758",""
"2026-09-04T14:40:29.8151464+00:00","200","True","311.431",""
"2026-09-04T14:40:30.8150109+00:00","200","True","389.991",""
"2026-09-04T14:40:31.8154107+00:00","200","True","350.317",""
"2026-09-04T14:40:32.8161599+00:00","200","True","371.6",""
"2026-09-04T14:40:33.8161934+00:00","200","True","246.996",""
"2026-09-04T14:40:34.8167410+00:00","200","True","421.242",""
"2026-09-04T14:40:35.8175793+00:00","200","True","444.2",""
"2026-09-04T14:40:36.8181838+00:00","200","True","583.85",""
"2026-09-04T14:40:37.8193519+00:00","200","True","288.932",""
"2026-09-04T14:40:38.8198431+00:00","200","True","246.624",""
"2026-09-04T14:40:39.8202443+00:00","200","True","324.53",""
"2026-09-04T14:40:40.8203426+00:00","200","True","279.706",""
"2026-09-04T14:40:41.8204393+00:00","200","True","296.448",""
"2026-09-04T14:40:42.8204527+00:00","200","True","444",""
"2026-09-04T14:40:43.8208915+00:00","200","True","459.408",""
"2026-09-04T14:40:44.8216291+00:00","200","True","371.159",""
"2026-09-04T14:40:45.8221343+00:00","200","True","343.836",""
"2026-09-04T14:40:46.8225799+00:00","200","True","473.351",""
"2026-09-04T14:40:47.8234923+00:00","200","True","799.748",""
"2026-09-04T14:40:48.8242748+00:00","200","True","151.87",""
"2026-09-04T14:40:49.8247568+00:00","200","True","321.054",""
"2026-09-04T14:40:50.8253857+00:00","200","True","253.122",""
"2026-09-04T14:40:51.8259852+00:00","200","True","370.245",""
"2026-09-04T14:40:52.8267320+00:00","200","True","332.468",""
"2026-09-04T14:40:53.8265749+00:00","200","True","360.056",""
"2026-09-04T14:40:54.8272362+00:00","200","True","261.731",""
"2026-09-04T14:40:55.8274315+00:00","200","True","300.009",""
"2026-09-04T14:40:56.8278587+00:00","200","True","602.098",""
"2026-09-04T14:40:57.8284952+00:00","200","True","626.744",""
"2026-09-04T14:40:58.8286845+00:00","200","True","184.288",""
"2026-09-04T14:40:59.8293705+00:00","200","True","601.809",""
"2026-09-04T14:41:00.8297815+00:00","200","True","321.113",""
"2026-09-04T14:41:01.8305634+00:00","200","True","601.146",""
"2026-09-04T14:41:02.8311460+00:00","200","True","277.944",""
"2026-09-04T14:41:03.8316402+00:00","200","True","589.513",""
"2026-09-04T14:41:04.8314845+00:00","200","True","211.71",""
"2026-09-04T14:41:05.8315896+00:00","200","True","435.046",""
"2026-09-04T14:41:06.8320974+00:00","200","True","905.86",""
"2026-09-04T14:41:07.8327589+00:00","200","True","612.102",""
"2026-09-04T14:41:08.8332591+00:00","200","True","419.125",""
"2026-09-04T14:41:09.8339076+00:00","200","True","467.221",""
"2026-09-04T14:41:10.8346529+00:00","200","True","551.061",""
"2026-09-04T14:41:11.8353723+00:00","200","True","172.97",""
"2026-09-04T14:41:12.8358873+00:00","200","True","306.929",""
"2026-09-04T14:41:13.8362760+00:00","200","True","313.977",""
"2026-09-04T14:41:14.8366937+00:00","200","True","338.502",""
"2026-09-04T14:41:15.8366503+00:00","200","True","419.862",""
"2026-09-04T14:41:16.8371890+00:00","200","True","385.712",""
"2026-09-04T14:41:17.8404244+00:00","200","True","405.245",""
"2026-09-04T14:41:18.8411182+00:00","200","True","257.648",""
"2026-09-04T14:41:19.8411755+00:00","200","True","289.92",""
"2026-09-04T14:41:20.8417715+00:00","200","True","285.061",""
"2026-09-04T14:41:21.8424545+00:00","200","True","296.274",""
"2026-09-04T14:41:22.8434019+00:00","200","True","274.387",""
"2026-09-04T14:41:23.8442667+00:00","200","True","292.714",""
"2026-09-04T14:41:24.8446172+00:00","200","True","283.726",""
"2026-09-04T14:41:25.8448492+00:00","200","True","333.97",""
"2026-09-04T14:41:26.8458122+00:00","200","True","860.747",""
"2026-09-04T14:41:27.8461168+00:00","200","True","182.869",""
"2026-09-04T14:41:28.8466202+00:00","200","True","379.938",""
"2026-09-04T14:41:29.8472170+00:00","200","True","380.895",""
"2026-09-04T14:41:30.8475608+00:00","200","True","408.075",""
"2026-09-04T14:41:31.8482790+00:00","200","True","358.826",""
"2026-09-04T14:41:32.8488294+00:00","200","True","283.039",""
"2026-09-04T14:41:33.8492782+00:00","200","True","286.047",""
"2026-09-04T14:41:34.8499239+00:00","200","True","293.12",""
"2026-09-04T14:41:35.8506915+00:00","200","True","315.326",""
"2026-09-04T14:41:36.8514737+00:00","200","True","441.284",""
"2026-09-04T14:41:37.8522659+00:00","200","True","390.572",""
"2026-09-04T14:41:38.8524256+00:00","200","True","555.083",""
"2026-09-04T14:41:39.8530484+00:00","200","True","331.573",""
"2026-09-04T14:41:40.8530393+00:00","200","True","277.429",""
"2026-09-04T14:41:41.8529839+00:00","200","True","708.309",""
"2026-09-04T14:41:42.8537230+00:00","200","True","407.672",""
"2026-09-04T14:41:43.8537863+00:00","200","True","340.914",""
"2026-09-04T14:41:44.8541150+00:00","200","True","388.867",""
"2026-09-04T14:41:45.8543925+00:00","200","True","390.406",""
"2026-09-04T14:41:46.8552773+00:00","200","True","611.157",""
"2026-09-04T14:41:47.8576733+00:00","200","True","752.228",""
"2026-09-04T14:41:48.8582792+00:00","200","True","453.13",""
"2026-09-04T14:41:49.8590962+00:00","200","True","368.506",""
"2026-09-04T14:41:50.8591664+00:00","200","True","888.74",""
"2026-09-04T14:41:51.8593925+00:00","200","True","273.632",""
"2026-09-04T14:41:52.8595537+00:00","200","True","305.502",""
"2026-09-04T14:41:53.8595127+00:00","200","True","278.321",""
"2026-09-04T14:41:54.8605330+00:00","200","True","355.281",""
"2026-09-04T14:41:55.8612507+00:00","200","True","391.391",""
"2026-09-04T14:41:56.8611854+00:00","200","True","379.251",""
"2026-09-04T14:41:57.8623902+00:00","200","True","283.389",""
"2026-09-04T14:41:58.8641240+00:00","200","True","342.565",""
"2026-09-04T14:41:59.8640601+00:00","200","True","375.93",""
"2026-09-04T14:42:00.8644844+00:00","200","True","328.248",""
"2026-09-04T14:42:01.8652882+00:00","200","True","287.204",""
"2026-09-04T14:42:02.8658635+00:00","200","True","276.362",""
"2026-09-04T14:42:03.8665880+00:00","200","True","362.713",""
"2026-09-04T14:42:04.8666922+00:00","200","True","279.7",""
"2026-09-04T14:42:05.8668972+00:00","200","True","404.477",""
"2026-09-04T14:42:06.8667841+00:00","200","True","536.269",""
"2026-09-04T14:42:07.8677186+00:00","200","True","187.658",""
"2026-09-04T14:42:08.8678219+00:00","200","True","289.94",""
"2026-09-04T14:42:09.8682018+00:00","200","True","399.652",""
"2026-09-04T14:42:10.8683664+00:00","200","True","311.269",""
"2026-09-04T14:42:11.8693760+00:00","200","True","292.59",""
"2026-09-04T14:42:12.8696818+00:00","200","True","316.049",""
"2026-09-04T14:42:13.8701308+00:00","200","True","378.654",""
"2026-09-04T14:42:14.8702144+00:00","200","True","413.046",""
"2026-09-04T14:42:15.8710474+00:00","200","True","345.388",""
"2026-09-04T14:42:16.8708852+00:00","200","True","374.219",""
"2026-09-04T14:42:17.8719166+00:00","200","True","279.211",""
"2026-09-04T14:42:18.8725604+00:00","200","True","302.304",""
"2026-09-04T14:42:19.8732721+00:00","200","True","368.344",""
"2026-09-04T14:42:20.8740559+00:00","200","True","349.739",""
"2026-09-04T14:42:21.8742797+00:00","200","True","386.64",""
"2026-09-04T14:42:22.8742688+00:00","200","True","296.251",""
"2026-09-04T14:42:23.8750841+00:00","200","True","322.817",""
"2026-09-04T14:42:24.8754674+00:00","200","True","341.689",""
"2026-09-04T14:42:25.8756053+00:00","200","True","254.549",""
"2026-09-04T14:42:26.8758662+00:00","200","True","492.829",""
"2026-09-04T14:42:27.8761010+00:00","200","True","317.045",""
"2026-09-04T14:42:28.8765754+00:00","200","True","334.321",""
"2026-09-04T14:42:29.8772892+00:00","200","True","373.071",""
"2026-09-04T14:42:30.8778091+00:00","200","True","434.422",""
"2026-09-04T14:42:31.8778415+00:00","200","True","402.997",""
"2026-09-04T14:42:32.8782637+00:00","200","True","483.375",""
"2026-09-04T14:42:33.8790688+00:00","200","True","349.496",""
"2026-09-04T14:42:34.8789465+00:00","200","True","534.76",""
"2026-09-04T14:42:35.8792394+00:00","200","True","233.589",""
"2026-09-04T14:42:36.8792911+00:00","200","True","651.217",""
"2026-09-04T14:42:37.8798980+00:00","200","True","326.81",""
"2026-09-04T14:42:38.8803671+00:00","200","True","334.537",""
"2026-09-04T14:42:39.8805158+00:00","200","True","492.216",""
"2026-09-04T14:42:40.8813845+00:00","200","True","514.734",""
"2026-09-04T14:42:41.8817454+00:00","200","True","183.864",""
"2026-09-04T14:42:42.8820793+00:00","200","True","355.969",""
"2026-09-04T14:42:43.8824521+00:00","200","True","311.541",""
"2026-09-04T14:42:44.8825105+00:00","200","True","407.412",""
"2026-09-04T14:42:45.8823782+00:00","200","True","319.647",""
"2026-09-04T14:42:46.8824120+00:00","200","True","454.534",""
"2026-09-04T14:42:47.8824008+00:00","200","True","275.054",""
"2026-09-04T14:42:48.8830671+00:00","200","True","427.627",""
"2026-09-04T14:42:49.8831274+00:00","200","True","319.452",""
"2026-09-04T14:42:50.8830538+00:00","200","True","574.307",""
"2026-09-04T14:42:51.8837770+00:00","200","True","219.989",""
"2026-09-04T14:42:52.8842603+00:00","200","True","593.264",""
"2026-09-04T14:42:53.8849255+00:00","200","True","261.725",""
"2026-09-04T14:42:54.8852225+00:00","200","True","507.529",""
"2026-09-04T14:42:55.8853727+00:00","200","True","276.215",""
"2026-09-04T14:42:56.8863257+00:00","200","True","1036.822",""
"2026-09-04T14:42:57.9233294+00:00","200","True","577.404",""
"2026-09-04T14:42:58.9234218+00:00","200","True","280.11",""
"2026-09-04T14:42:59.9243338+00:00","200","True","401.858",""
"2026-09-04T14:43:00.9246405+00:00","200","True","450.612",""
"2026-09-04T14:43:01.9248202+00:00","200","True","396.959",""
"2026-09-04T14:43:02.9251934+00:00","200","True","387.988",""
"2026-09-04T14:43:03.9256697+00:00","200","True","279.149",""
"2026-09-04T14:43:04.9263580+00:00","200","True","332.548",""
"2026-09-04T14:43:05.9263035+00:00","200","True","361.862",""
"2026-09-04T14:43:06.9266388+00:00","200","True","558.096",""
"2026-09-04T14:43:07.9272659+00:00","200","True","158.128",""
"2026-09-04T14:43:08.9278385+00:00","200","True","286.03",""
"2026-09-04T14:43:09.9283827+00:00","200","True","272.872",""
"2026-09-04T14:43:10.9287973+00:00","200","True","396.053",""
"2026-09-04T14:43:11.9294582+00:00","200","True","397.694",""
"2026-09-04T14:43:12.9298387+00:00","200","True","311.255",""
"2026-09-04T14:43:13.9304948+00:00","200","True","407.678",""
"2026-09-04T14:43:14.9309167+00:00","200","True","397.88",""
"2026-09-04T14:43:15.9316971+00:00","200","True","307.535",""
"2026-09-04T14:43:16.9319520+00:00","200","True","411.592",""
"2026-09-04T14:43:17.9321703+00:00","200","True","328.042",""
"2026-09-04T14:43:18.9326362+00:00","200","True","276.081",""
"2026-09-04T14:43:19.9331775+00:00","200","True","286.028",""
"2026-09-04T14:43:20.9338495+00:00","200","True","349.569",""
"2026-09-04T14:43:21.9340028+00:00","200","True","300.089",""
"2026-09-04T14:43:22.9345560+00:00","200","True","256.568",""
"2026-09-04T14:43:23.9345099+00:00","200","True","370.153",""
"2026-09-04T14:43:24.9355073+00:00","200","True","300.294",""
"2026-09-04T14:43:25.9362469+00:00","200","True","313.063",""
"2026-09-04T14:43:26.9368096+00:00","200","True","443.96",""
"2026-09-04T14:43:27.9373716+00:00","200","True","333.502",""
"2026-09-04T14:43:28.9376031+00:00","200","True","365.513",""
"2026-09-04T14:43:29.9379565+00:00","200","True","378.829",""
"2026-09-04T14:43:30.9383521+00:00","200","True","668.663",""
"2026-09-04T14:43:31.9385491+00:00","200","True","569.663",""
"2026-09-04T14:43:32.9386598+00:00","200","True","282.679",""
"2026-09-04T14:43:33.9387340+00:00","200","True","500.933",""
"2026-09-04T14:43:34.9390419+00:00","200","True","455.368",""
"2026-09-04T14:43:35.9388671+00:00","200","True","426.941",""
"2026-09-04T14:43:36.9392187+00:00","200","True","543.772",""
"2026-09-04T14:43:37.9393888+00:00","200","True","349.649",""
"2026-09-04T14:43:38.9394591+00:00","200","True","390.917",""
"2026-09-04T14:43:39.9400279+00:00","200","True","395.477",""
"2026-09-04T14:43:40.9400839+00:00","200","True","591.77",""
"2026-09-04T14:43:41.9402287+00:00","200","True","247.894",""
"2026-09-04T14:43:42.9408166+00:00","200","True","435.849",""
"2026-09-04T14:43:43.9411284+00:00","200","True","268.853",""
"2026-09-04T14:43:44.9416480+00:00","200","True","354.598",""
"2026-09-04T14:43:45.9418079+00:00","200","True","377.619",""
"2026-09-04T14:43:46.9419849+00:00","200","True","301.194",""
"2026-09-04T14:43:47.9425617+00:00","200","True","355.477",""
"2026-09-04T14:43:48.9427961+00:00","200","True","266.413",""
"2026-09-04T14:43:49.9436304+00:00","200","True","268.65",""
"2026-09-04T14:43:50.9437213+00:00","200","True","376.039",""
"2026-09-04T14:43:51.9441688+00:00","200","True","601.641",""
"2026-09-04T14:43:52.9441890+00:00","200","True","207.709",""
"2026-09-04T14:43:53.9442777+00:00","200","True","469.544",""
"2026-09-04T14:43:54.9443088+00:00","200","True","499.518",""
"2026-09-04T14:43:55.9442308+00:00","200","True","378.51",""
"2026-09-04T14:43:56.9442689+00:00","200","True","535.434",""
"2026-09-04T14:43:57.9440946+00:00","200","True","712.24",""
"2026-09-04T14:43:58.9448305+00:00","200","True","248.179",""
"2026-09-04T14:43:59.9459512+00:00","200","True","403.884",""
"2026-09-04T14:44:00.9463726+00:00","200","True","321.697",""
"2026-09-04T14:44:01.9468258+00:00","200","True","301.912",""
"2026-09-04T14:44:02.9473417+00:00","200","True","372.312",""
"2026-09-04T14:44:03.9480769+00:00","200","True","507.171",""
"2026-09-04T14:44:04.9486866+00:00","200","True","209.159",""
"2026-09-04T14:44:05.9495040+00:00","200","True","463.586",""
"2026-09-04T14:44:06.9495906+00:00","200","True","453.137",""
"2026-09-04T14:44:07.9501688+00:00","200","True","441.148",""
"2026-09-04T14:44:08.9507203+00:00","200","True","452.429",""
"2026-09-04T14:44:09.9516115+00:00","200","True","444.504",""
"2026-09-04T14:44:10.9515607+00:00","200","True","512.397",""
"2026-09-04T14:44:11.9514371+00:00","200","True","172.46",""
"2026-09-04T14:44:12.9518411+00:00","200","True","311.199",""
"2026-09-04T14:44:13.9527454+00:00","200","True","394.041",""
"2026-09-04T14:44:14.9532340+00:00","200","True","289.826",""
"2026-09-04T14:44:15.9534462+00:00","200","True","337.357",""
"2026-09-04T14:44:16.9542703+00:00","200","True","496.252",""
"2026-09-04T14:44:17.9548689+00:00","200","True","314.212",""
"2026-09-04T14:44:18.9556055+00:00","200","True","334.887",""
"2026-09-04T14:44:19.9559474+00:00","200","True","282.785",""
"2026-09-04T14:44:20.9562302+00:00","200","True","386.901",""
"2026-09-04T14:44:21.9568003+00:00","200","True","339.856",""
"2026-09-04T14:44:22.9571501+00:00","200","True","421.3",""
"2026-09-04T14:44:23.9573120+00:00","200","True","427.605",""
"2026-09-04T14:44:24.9573446+00:00","200","True","368.589",""
"2026-09-04T14:44:25.9573505+00:00","200","True","423.582",""
"2026-09-04T14:44:26.9576845+00:00","200","True","319.727",""
"2026-09-04T14:44:27.9579580+00:00","200","True","342.851",""
"2026-09-04T14:44:28.9585188+00:00","200","True","375.692",""
"2026-09-04T14:44:29.9586270+00:00","200","True","370.632",""
"2026-09-04T14:44:30.9587186+00:00","200","True","314.062",""
"2026-09-04T14:44:31.9593404+00:00","200","True","566.015",""
"2026-09-04T14:44:32.9597688+00:00","200","True","360.309",""
"2026-09-04T14:44:33.9605085+00:00","200","True","352.571",""
"2026-09-04T14:44:34.9605738+00:00","200","True","376.057",""
"2026-09-04T14:44:35.9610717+00:00","200","True","445.161",""
"2026-09-04T14:44:36.9616643+00:00","200","True","435.421",""
"2026-09-04T14:44:37.9616034+00:00","200","True","610.637",""
"2026-09-04T14:44:38.9617676+00:00","200","True","694.639",""
"2026-09-04T14:44:39.9619678+00:00","200","True","216.678",""
"2026-09-04T14:44:40.9622263+00:00","200","True","674.163",""
"2026-09-04T14:44:41.9643447+00:00","200","True","169.073",""
"2026-09-04T14:44:42.9648661+00:00","200","True","289.459",""
"2026-09-04T14:44:43.9647753+00:00","200","True","295.932",""
"2026-09-04T14:44:44.9652298+00:00","200","True","337.013",""
"2026-09-04T14:44:45.9656900+00:00","200","True","295.06",""
"2026-09-04T14:44:46.9661812+00:00","200","True","765.428",""
"2026-09-04T14:44:47.9660756+00:00","200","True","147.777",""
"2026-09-04T14:44:48.9662639+00:00","200","True","299.875",""
"2026-09-04T14:44:49.9666044+00:00","200","True","358.002",""
"2026-09-04T14:44:50.9670662+00:00","200","True","275.314",""
"2026-09-04T14:44:51.9678224+00:00","200","True","405.658",""
"2026-09-04T14:44:52.9679126+00:00","200","True","322.722",""
"2026-09-04T14:44:53.9683568+00:00","200","True","332.529",""
"2026-09-04T14:44:54.9684969+00:00","200","True","371.776",""
"2026-09-04T14:44:55.9687423+00:00","200","True","289.42",""
"2026-09-04T14:44:56.9687160+00:00","200","True","342.926",""
"2026-09-04T14:44:57.9696421+00:00","200","True","248.807",""
"2026-09-04T14:44:58.9698501+00:00","200","True","360.255",""
"2026-09-04T14:44:59.9705578+00:00","200","True","295.741",""
"2026-09-04T14:45:00.9707637+00:00","200","True","302.108",""
"2026-09-04T14:45:01.9713061+00:00","200","True","329.16",""
"2026-09-04T14:45:02.9718575+00:00","200","True","355.372",""
"2026-09-04T14:45:03.9726478+00:00","200","True","373.242",""
"2026-09-04T14:45:04.9732840+00:00","200","True","398.008",""
"2026-09-04T14:45:05.9737138+00:00","200","True","273.706",""
"2026-09-04T14:45:06.9740394+00:00","200","True","420.44",""
"2026-09-04T14:45:07.9738466+00:00","200","True","478.923",""
"2026-09-04T14:45:08.9741758+00:00","200","True","272.794",""
"2026-09-04T14:45:09.9744959+00:00","200","True","349.086",""
"2026-09-04T14:45:10.9751189+00:00","200","True","258.458",""
"2026-09-04T14:45:11.9749941+00:00","200","True","391.939",""
"2026-09-04T14:45:12.9755592+00:00","200","True","279.884",""
"2026-09-04T14:45:13.9759013+00:00","200","True","297.428",""
"2026-09-04T14:45:14.9757252+00:00","200","True","328.658",""
"2026-09-04T14:45:15.9764755+00:00","200","True","353.289",""
"2026-09-04T14:45:16.9773252+00:00","200","True","357.424",""
"2026-09-04T14:45:17.9771119+00:00","200","True","298.829",""
"2026-09-04T14:45:18.9773358+00:00","200","True","280.897",""
"2026-09-04T14:45:19.9780677+00:00","200","True","325.857",""
"2026-09-04T14:45:20.9786091+00:00","200","True","371.44",""
"2026-09-04T14:45:21.9784414+00:00","200","True","338.926",""
"2026-09-04T14:45:22.9790451+00:00","200","True","293.184",""
"2026-09-04T14:45:23.9796367+00:00","200","True","343.92",""
"2026-09-04T14:45:24.9800894+00:00","200","True","276.941",""
"2026-09-04T14:45:25.9805092+00:00","200","True","381.815",""
"2026-09-04T14:45:26.9808491+00:00","200","True","410.334",""
"2026-09-04T14:45:27.9816212+00:00","200","True","581.126",""
"2026-09-04T14:45:28.9821587+00:00","200","True","259.312",""
"2026-09-04T14:45:29.9830547+00:00","200","True","546.907",""
"2026-09-04T14:45:30.9836402+00:00","200","True","193.553",""
"2026-09-04T14:45:31.9837495+00:00","200","True","378.167",""
"2026-09-04T14:45:32.9851680+00:00","200","True","274.662",""
"2026-09-04T14:45:33.9852288+00:00","200","True","279.138",""
"2026-09-04T14:45:34.9858741+00:00","200","True","334.384",""
"2026-09-04T14:45:35.9858784+00:00","200","True","414.681",""
"2026-09-04T14:45:36.9863088+00:00","200","True","439.377",""
"2026-09-04T14:45:37.9863749+00:00","200","True","360.409",""
"2026-09-04T14:45:38.9865011+00:00","200","True","281.59",""
"2026-09-04T14:45:39.9867112+00:00","200","True","278.879",""
"2026-09-04T14:45:40.9870677+00:00","200","True","260.913",""
"2026-09-04T14:45:41.9874490+00:00","200","True","263.211",""
"2026-09-04T14:45:42.9881120+00:00","200","True","313.172",""
"2026-09-04T14:45:43.9888815+00:00","200","True","301.386",""
"2026-09-04T14:45:44.9887548+00:00","200","True","357.107",""
"2026-09-04T14:45:45.9894309+00:00","200","True","284.758",""
"2026-09-04T14:45:46.9896553+00:00","200","True","375.24",""
"2026-09-04T14:45:47.9902685+00:00","200","True","328.069",""
"2026-09-04T14:45:48.9909555+00:00","200","True","609.763",""
"2026-09-04T14:45:49.9912057+00:00","200","True","143.034",""
"2026-09-04T14:45:50.9916931+00:00","200","True","405.599",""
"2026-09-04T14:45:51.9917195+00:00","200","True","330.539",""
"2026-09-04T14:45:52.9916414+00:00","200","True","304.637",""
"2026-09-04T14:45:53.9919160+00:00","200","True","329.33",""
"2026-09-04T14:45:54.9973823+00:00","200","True","347.421",""
"2026-09-04T14:45:55.9972728+00:00","200","True","370.52",""
"2026-09-04T14:45:56.9971963+00:00","200","True","1032.805",""
"2026-09-04T14:45:58.0301974+00:00","200","True","171.864",""
"2026-09-04T14:45:59.0307315+00:00","200","True","305.821",""
"2026-09-04T14:46:00.0313016+00:00","200","True","328.422",""
"2026-09-04T14:46:01.0311938+00:00","200","True","261.833",""
"2026-09-04T14:46:02.0315220+00:00","200","True","267.871",""
"2026-09-04T14:46:03.0318589+00:00","200","True","300.03",""
"2026-09-04T14:46:04.0323309+00:00","200","True","273.898",""
"2026-09-04T14:46:05.0326726+00:00","200","True","309.496",""
"2026-09-04T14:46:06.0328868+00:00","200","True","309.711",""
"2026-09-04T14:46:07.0330461+00:00","200","True","291.824",""
"2026-09-04T14:46:08.0334994+00:00","200","True","320.676",""
"2026-09-04T14:46:09.0338783+00:00","200","True","344.354",""
"2026-09-04T14:46:10.0337516+00:00","200","True","338.404",""
"2026-09-04T14:46:11.0338772+00:00","200","True","287.945",""
"2026-09-04T14:46:12.0342274+00:00","200","True","408.263",""
"2026-09-04T14:46:13.0348712+00:00","200","True","306.406",""
"2026-09-04T14:46:14.0347808+00:00","200","True","303.055",""
"2026-09-04T14:46:15.0353226+00:00","200","True","275.504",""
"2026-09-04T14:46:16.0352844+00:00","200","True","350.869",""
"2026-09-04T14:46:17.0356167+00:00","200","True","372.127",""
"2026-09-04T14:46:18.0363417+00:00","200","True","352.566",""
"2026-09-04T14:46:19.0363900+00:00","200","True","283.144",""
"2026-09-04T14:46:20.0369394+00:00","200","True","394.51",""
"2026-09-04T14:46:21.0369434+00:00","200","True","348.102",""
"2026-09-04T14:46:22.0375244+00:00","200","True","338.128",""
"2026-09-04T14:46:23.0380746+00:00","200","True","464.746",""
"2026-09-04T14:46:24.0381915+00:00","200","True","289.414",""
"2026-09-04T14:46:25.0380888+00:00","200","True","315.809",""
"2026-09-04T14:46:26.0384302+00:00","200","True","290.982",""
"2026-09-04T14:46:27.0393184+00:00","200","True","359.446",""
"2026-09-04T14:46:28.0392423+00:00","200","True","379.882",""
"2026-09-04T14:46:29.0395409+00:00","200","True","329.339",""
"2026-09-04T14:46:30.0403694+00:00","200","True","324.001",""
"2026-09-04T14:46:31.0407241+00:00","200","True","288.752",""
"2026-09-04T14:46:32.0409006+00:00","200","True","370.812",""
"2026-09-04T14:46:33.0410995+00:00","200","True","345.376",""
"2026-09-04T14:46:34.0412856+00:00","200","True","268.661",""
"2026-09-04T14:46:35.0414076+00:00","200","True","341.488",""
"2026-09-04T14:46:36.0417560+00:00","200","True","365.571",""
"2026-09-04T14:46:37.0418717+00:00","200","True","310.538",""
"2026-09-04T14:46:38.0430653+00:00","200","True","367.59",""
"2026-09-04T14:46:39.0430454+00:00","200","True","547.801",""
"2026-09-04T14:46:40.0434370+00:00","200","True","170.027",""
"2026-09-04T14:46:41.0440535+00:00","200","True","515.027",""
"2026-09-04T14:46:42.0445711+00:00","200","True","210.156",""
"2026-09-04T14:46:43.0450648+00:00","200","True","763.245",""
"2026-09-04T14:46:44.0551906+00:00","200","True","208.877",""
"2026-09-04T14:46:45.0554728+00:00","200","True","345.088",""
"2026-09-04T14:46:46.0560568+00:00","200","True","352.153",""
"2026-09-04T14:46:47.0567669+00:00","200","True","713.955",""
"2026-09-04T14:46:48.0571221+00:00","200","True","330.171",""
"2026-09-04T14:46:49.0576782+00:00","200","True","607.881",""
"2026-09-04T14:46:50.0580118+00:00","200","True","478.394",""
"2026-09-04T14:46:51.0588205+00:00","200","True","347.761",""
"2026-09-04T14:46:52.0589811+00:00","200","True","278.143",""
"2026-09-04T14:46:53.0595459+00:00","200","True","426.92",""
"2026-09-04T14:46:54.0628814+00:00","200","True","374.532",""
"2026-09-04T14:46:55.0629654+00:00","200","True","475.459",""
"2026-09-04T14:46:56.0628932+00:00","200","True","453.63",""
"2026-09-04T14:46:57.0629462+00:00","200","True","640.511",""
"2026-09-04T14:46:58.0628249+00:00","200","True","358.61",""
"2026-09-04T14:46:59.0631262+00:00","200","True","524.035",""
"2026-09-04T14:47:00.0636449+00:00","200","True","366.287",""
"2026-09-04T14:47:01.0644274+00:00","200","True","434.787",""
"2026-09-04T14:47:02.0646667+00:00","200","True","469.289",""
"2026-09-04T14:47:03.0653188+00:00","200","True","358.939",""
"2026-09-04T14:47:04.0659356+00:00","200","True","403.716",""
"2026-09-04T14:47:05.0661291+00:00","200","True","484.074",""
"2026-09-04T14:47:06.0677374+00:00","200","True","512.168",""
"2026-09-04T14:47:07.0683818+00:00","200","True","416.856",""
"2026-09-04T14:47:08.0686177+00:00","200","True","491.382",""
"2026-09-04T14:47:09.0693778+00:00","200","True","328.707",""
"2026-09-04T14:47:10.0696376+00:00","200","True","744.662",""
"2026-09-04T14:47:11.0696871+00:00","200","True","193.018",""
"2026-09-04T14:47:12.0701272+00:00","200","True","353.33",""
"2026-09-04T14:47:13.0708774+00:00","200","True","485.971",""
"2026-09-04T14:47:14.0712226+00:00","200","True","326.205",""
"2026-09-04T14:47:15.0717927+00:00","200","True","411.538",""
"2026-09-04T14:47:16.0717268+00:00","200","True","592.986",""
"2026-09-04T14:47:17.0721214+00:00","200","True","655.416",""
"2026-09-04T14:47:18.0720135+00:00","200","True","334.549",""
"2026-09-04T14:47:19.0720260+00:00","200","True","564.717",""
"2026-09-04T14:47:20.0721806+00:00","200","True","269.78",""
"2026-09-04T14:47:21.0723296+00:00","200","True","733.718",""
"2026-09-04T14:47:22.0724455+00:00","200","True","198.413",""
"2026-09-04T14:47:23.0725214+00:00","200","True","413.6",""
"2026-09-04T14:47:24.0725732+00:00","200","True","362.112",""
"2026-09-04T14:47:25.0754070+00:00","200","True","484.061",""
"2026-09-04T14:47:26.0758620+00:00","200","True","323.69",""
"2026-09-04T14:47:27.0763750+00:00","200","True","591.009",""
"2026-09-04T14:47:28.0767767+00:00","200","True","353.322",""
"2026-09-04T14:47:29.0774875+00:00","200","True","619.762",""
"2026-09-04T14:47:30.0780053+00:00","200","True","396.475",""
"2026-09-04T14:47:31.0779185+00:00","200","True","629.668",""
"2026-09-04T14:47:32.0780774+00:00","200","True","339.641",""
"2026-09-04T14:47:33.0781329+00:00","200","True","433.436",""
"2026-09-04T14:47:34.0780255+00:00","200","True","712.351",""
"2026-09-04T14:47:35.0788707+00:00","200","True","303.778",""
"2026-09-04T14:47:36.0794821+00:00","200","True","538.704",""
"2026-09-04T14:47:37.0796134+00:00","200","True","414.673",""
"2026-09-04T14:47:38.0809461+00:00","200","True","990.532",""
"2026-09-04T14:47:39.0814747+00:00","200","True","961.272",""
"2026-09-04T14:47:40.0823591+00:00","200","True","844.616",""
"2026-09-04T14:47:41.0826183+00:00","200","True","668.802",""
"2026-09-04T14:47:42.0830709+00:00","200","True","321.144",""
"2026-09-04T14:47:43.0837862+00:00","200","True","983.602",""
"2026-09-04T14:47:44.0840355+00:00","200","True","426.873",""
"2026-09-04T14:47:45.0843762+00:00","200","True","751.693",""
"2026-09-04T14:47:46.0845439+00:00","200","True","368.349",""
"2026-09-04T14:47:47.0853105+00:00","200","True","619.179",""
"2026-09-04T14:47:48.0858475+00:00","200","True","200.563",""
"2026-09-04T14:47:49.0858065+00:00","200","True","331.414",""
"2026-09-04T14:47:50.0856624+00:00","200","True","536.305",""
"2026-09-04T14:47:51.0863506+00:00","200","True","537.319",""
"2026-09-04T14:47:52.0871143+00:00","200","True","358.241",""
"2026-09-04T14:47:53.0877254+00:00","200","True","529.326",""
"2026-09-04T14:47:54.0876582+00:00","200","True","358.066",""
"2026-09-04T14:47:55.0883211+00:00","200","True","350.541",""
"2026-09-04T14:47:56.0883122+00:00","200","True","417.266",""
"2026-09-04T14:47:57.0889684+00:00","200","True","604.604",""
"2026-09-04T14:47:58.0890788+00:00","200","True","344.726",""
"2026-09-04T14:47:59.0892267+00:00","200","True","397.759",""
"2026-09-04T14:48:00.0895837+00:00","200","True","1273.167",""
"2026-09-04T14:48:01.3628644+00:00","200","True","381.931",""
"2026-09-04T14:48:02.3634406+00:00","200","True","389.602",""
"2026-09-04T14:48:03.3634609+00:00","200","True","636.062",""
"2026-09-04T14:48:04.3640001+00:00","200","True","198.77",""
"2026-09-04T14:48:05.3646696+00:00","200","True","389.962",""
"2026-09-04T14:48:06.3655462+00:00","200","True","460.368",""
"2026-09-04T14:48:07.3663702+00:00","200","True","1486.751",""
"2026-09-04T14:48:08.8532742+00:00","200","True","277.398",""
"2026-09-04T14:48:09.8540508+00:00","200","True","964.53",""
"2026-09-04T14:48:10.8539245+00:00","200","True","621.883",""
"2026-09-04T14:48:11.8541838+00:00","200","True","529.633",""
"2026-09-04T14:48:12.8542018+00:00","200","True","216.286",""
"2026-09-04T14:48:13.8548409+00:00","200","True","636.913",""
"2026-09-04T14:48:14.8551855+00:00","200","True","648.909",""
"2026-09-04T14:48:15.8556255+00:00","200","True","287.916",""
"2026-09-04T14:48:16.8562737+00:00","200","True","543.372",""
"2026-09-04T14:48:17.8571541+00:00","200","True","602.006",""
"2026-09-04T14:48:18.8576798+00:00","200","True","233.558",""
"2026-09-04T14:48:19.8576471+00:00","200","True","450.414",""
"2026-09-04T14:48:20.8574792+00:00","200","True","405.274",""
"2026-09-04T14:48:21.8582050+00:00","200","True","487.992",""
"2026-09-04T14:48:22.8585815+00:00","200","True","341.546",""
"2026-09-04T14:48:23.8585334+00:00","200","True","397.46",""
"2026-09-04T14:48:24.8617404+00:00","200","True","301.292",""
"2026-09-04T14:48:25.8626270+00:00","200","True","500.974",""
"2026-09-04T14:48:26.8630136+00:00","200","True","546.253",""
"2026-09-04T14:48:27.8639518+00:00","200","True","579.644",""
"2026-09-04T14:48:28.8642468+00:00","200","True","192.995",""
"2026-09-04T14:48:29.8647169+00:00","200","True","582.018",""
"2026-09-04T14:48:30.8652604+00:00","200","True","245.543",""
"2026-09-04T14:48:31.8652045+00:00","200","True","370.408",""
"2026-09-04T14:48:32.8650303+00:00","200","True","488.51",""
"2026-09-04T14:48:33.8649144+00:00","200","True","646.858",""
"2026-09-04T14:48:34.8651619+00:00","200","True","273.35",""
"2026-09-04T14:48:35.8659238+00:00","200","True","374.154",""
"2026-09-04T14:48:36.8664356+00:00","200","True","540.876",""
"2026-09-04T14:48:37.8671208+00:00","200","True","297.781",""
"2026-09-04T14:48:38.8673208+00:00","200","True","409.206",""
"2026-09-04T14:48:39.8680385+00:00","200","True","403.352",""
"2026-09-04T14:48:40.8688594+00:00","200","True","569.855",""
"2026-09-04T14:48:41.8693465+00:00","200","True","899.7",""
"2026-09-04T14:48:42.8694539+00:00","200","True","309.527",""
"2026-09-04T14:48:43.8694017+00:00","200","True","288.496",""
"2026-09-04T14:48:44.8693918+00:00","200","True","581.891",""
"2026-09-04T14:48:45.8698154+00:00","200","True","204.069",""
"2026-09-04T14:48:46.8707404+00:00","200","True","307.814",""
"2026-09-04T14:48:47.8712372+00:00","200","True","904.298",""
"2026-09-04T14:48:48.8721684+00:00","200","True","681.491",""
"2026-09-04T14:48:49.8721982+00:00","200","True","200.461",""
"2026-09-04T14:48:50.8720850+00:00","200","True","395.498",""
"2026-09-04T14:48:51.8721468+00:00","200","True","533.378",""
"2026-09-04T14:48:52.8720221+00:00","200","True","350.586",""
"2026-09-04T14:48:53.8721469+00:00","200","True","384.54",""
"2026-09-04T14:48:54.8724288+00:00","200","True","483.645",""
"2026-09-04T14:48:55.8727987+00:00","200","True","425.42",""
"2026-09-04T14:48:56.8729632+00:00","200","True","375.475",""
"2026-09-04T14:48:57.8728420+00:00","200","True","460.19",""
"2026-09-04T14:48:58.8735090+00:00","200","True","483.666",""
"2026-09-04T14:48:59.8735960+00:00","200","True","302.779",""
"2026-09-04T14:49:00.8737509+00:00","200","True","326.274",""
"2026-09-04T14:49:01.8743938+00:00","200","True","342.667",""
"2026-09-04T14:49:02.8744639+00:00","200","True","617.97",""
"2026-09-04T14:49:03.8751319+00:00","200","True","148.748",""
"2026-09-04T14:49:04.8753306+00:00","200","True","320.128",""
"2026-09-04T14:49:05.8758877+00:00","200","True","255.425",""
"2026-09-04T14:49:06.8760508+00:00","200","True","261.568",""
"2026-09-04T14:49:07.8760352+00:00","200","True","374.568",""
"2026-09-04T14:49:08.8760321+00:00","200","True","313.964",""
"2026-09-04T14:49:09.8841110+00:00","200","True","422.806",""
"2026-09-04T14:49:10.8845532+00:00","200","True","352.431",""
"2026-09-04T14:49:11.8845988+00:00","200","True","300.035",""
"2026-09-04T14:49:12.8850070+00:00","200","True","269.822",""
"2026-09-04T14:49:13.8854095+00:00","200","True","333.978",""
"2026-09-04T14:49:14.8857668+00:00","200","True","345.261",""
"2026-09-04T14:49:15.8864632+00:00","200","True","410.919",""
"2026-09-04T14:49:16.8867595+00:00","200","True","311.564",""
"2026-09-04T14:49:17.8870981+00:00","200","True","765.335",""
"2026-09-04T14:49:18.8879137+00:00","200","True","150.508",""
"2026-09-04T14:49:19.8877651+00:00","200","True","340.751",""
"2026-09-04T14:49:20.8879158+00:00","200","True","343.917",""
"2026-09-04T14:49:21.8883868+00:00","200","True","304.575",""
"2026-09-04T14:49:22.8883927+00:00","200","True","329.003",""
"2026-09-04T14:49:23.8887772+00:00","200","True","351.951",""
"2026-09-04T14:49:24.8896803+00:00","200","True","274.815",""
"2026-09-04T14:49:25.8899840+00:00","200","True","398.564",""
"2026-09-04T14:49:26.8902992+00:00","200","True","471.198",""
"2026-09-04T14:49:27.8909146+00:00","200","True","299.754",""
"2026-09-04T14:49:28.8910973+00:00","200","True","369.707",""
"2026-09-04T14:49:29.8912282+00:00","200","True","399.825",""
"2026-09-04T14:49:30.8916283+00:00","200","True","402.057",""
"2026-09-04T14:49:31.8921020+00:00","200","True","282.779",""
"2026-09-04T14:49:32.8923861+00:00","200","True","261.275",""
"2026-09-04T14:49:33.8932875+00:00","200","True","284.776",""
"2026-09-04T14:49:34.8934657+00:00","200","True","302.995",""
"2026-09-04T14:49:35.8939066+00:00","200","True","328.042",""
"2026-09-04T14:49:36.8945743+00:00","200","True","638.744",""
"2026-09-04T14:49:37.8951214+00:00","200","True","198.416",""
"2026-09-04T14:49:38.8950048+00:00","200","True","405.845",""
"2026-09-04T14:49:39.8964263+00:00","200","True","423.635",""
"2026-09-04T14:49:40.8965702+00:00","200","True","367.303",""
"2026-09-04T14:49:41.8973957+00:00","200","True","493.997",""
"2026-09-04T14:49:42.8979384+00:00","200","True","352.452",""
"2026-09-04T14:49:43.8978134+00:00","200","True","325.285",""
"2026-09-04T14:49:44.8987733+00:00","200","True","333.728",""
"2026-09-04T14:49:45.8989335+00:00","200","True","372.461",""
"2026-09-04T14:49:46.8988867+00:00","200","True","339.534",""
"2026-09-04T14:49:47.8989883+00:00","200","True","400.799",""
"2026-09-04T14:49:48.8995305+00:00","200","True","328.264",""
"2026-09-04T14:49:49.9002960+00:00","200","True","288.564",""
"2026-09-04T14:49:50.9003586+00:00","200","True","376.306",""
"2026-09-04T14:49:51.9010941+00:00","200","True","266.245",""
"2026-09-04T14:49:52.9017373+00:00","200","True","254.628",""
"2026-09-04T14:49:53.9018036+00:00","200","True","266.408",""
"2026-09-04T14:49:54.9019009+00:00","200","True","369.4",""
"2026-09-04T14:49:55.9020723+00:00","200","True","388.825",""
"2026-09-04T14:49:56.9023494+00:00","200","True","413.313",""
"2026-09-04T14:49:57.9034246+00:00","200","True","418.767",""
"2026-09-04T14:49:58.9036330+00:00","200","True","254.636",""
"2026-09-04T14:49:59.9036637+00:00","200","True","295.146",""
"2026-09-04T14:50:00.9041694+00:00","200","True","406.626",""
"2026-09-04T14:50:01.9041400+00:00","200","True","301.112",""
"2026-09-04T14:50:02.9046969+00:00","200","True","352.816",""
"2026-09-04T14:50:03.9048737+00:00","200","True","335.129",""
"2026-09-04T14:50:04.9054487+00:00","200","True","346.915",""
"2026-09-04T14:50:05.9057767+00:00","200","True","314.103",""
"2026-09-04T14:50:06.9106398+00:00","200","True","340.361",""
"2026-09-04T14:50:07.9114408+00:00","200","True","388.233",""
"2026-09-04T14:50:08.9137451+00:00","200","True","281.138",""
"2026-09-04T14:50:09.9144348+00:00","200","True","309.973",""
"2026-09-04T14:50:10.9148141+00:00","200","True","423.423",""
"2026-09-04T14:50:11.9149364+00:00","200","True","368.923",""
"2026-09-04T14:50:12.9152146+00:00","200","True","374.515",""
"2026-09-04T14:50:13.9151343+00:00","200","True","298.494",""
"2026-09-04T14:50:14.9150835+00:00","200","True","322.887",""
"2026-09-04T14:50:15.9153358+00:00","200","True","266.018",""
"2026-09-04T14:50:16.9157876+00:00","200","True","429.79",""
"2026-09-04T14:50:17.9159497+00:00","200","True","319.306",""
"2026-09-04T14:50:18.9166564+00:00","200","True","274.614",""
"2026-09-04T14:50:19.9168577+00:00","200","True","338.462",""
"2026-09-04T14:50:20.9168300+00:00","200","True","477.227",""
"2026-09-04T14:50:21.9174319+00:00","200","True","387.618",""
"2026-09-04T14:50:22.9175739+00:00","200","True","412.582",""
"2026-09-04T14:50:23.9175427+00:00","200","True","433.927",""
"2026-09-04T14:50:24.9179349+00:00","200","True","346.295",""
"2026-09-04T14:50:25.9186927+00:00","200","True","406.149",""
"2026-09-04T14:50:26.9191917+00:00","200","True","503.191",""
"2026-09-04T14:50:27.9200588+00:00","200","True","486.889",""
"2026-09-04T14:50:28.9205296+00:00","200","True","271.816",""
"2026-09-04T14:50:29.9206984+00:00","200","True","339.35",""
"2026-09-04T14:50:30.9214317+00:00","200","True","379.699",""
"2026-09-04T14:50:31.9217844+00:00","200","True","313.749",""
"2026-09-04T14:50:32.9222133+00:00","200","True","275.07",""
"2026-09-04T14:50:33.9227182+00:00","200","True","304.11",""
"2026-09-04T14:50:34.9234734+00:00","200","True","383.082",""
"2026-09-04T14:50:35.9239892+00:00","200","True","256.062",""
"2026-09-04T14:50:36.9244878+00:00","200","True","306.302",""
"2026-09-04T14:50:37.9251429+00:00","200","True","454.926",""
"2026-09-04T14:50:38.9255190+00:00","200","True","266.842",""
"2026-09-04T14:50:39.9258541+00:00","200","True","298.182",""
"2026-09-04T14:50:40.9266564+00:00","200","True","319.13",""
"2026-09-04T14:50:41.9278293+00:00","200","True","342.264",""
"2026-09-04T14:50:42.9285250+00:00","200","True","376.689",""
"2026-09-04T14:50:43.9286533+00:00","200","True","266.958",""
"2026-09-04T14:50:44.9289436+00:00","200","True","391.376",""
"2026-09-04T14:50:45.9297427+00:00","200","True","293.94",""
"2026-09-04T14:50:46.9303224+00:00","200","True","262.129",""
"2026-09-04T14:50:47.9310047+00:00","200","True","381.566",""
"2026-09-04T14:50:48.9310508+00:00","200","True","404.681",""
"2026-09-04T14:50:49.9328046+00:00","200","True","324.974",""
"2026-09-04T14:50:50.9333472+00:00","200","True","272.951",""
"2026-09-04T14:50:51.9337105+00:00","200","True","425.577",""
"2026-09-04T14:50:52.9339750+00:00","200","True","398.658",""
"2026-09-04T14:50:53.9342727+00:00","200","True","329.028",""
"2026-09-04T14:50:54.9368756+00:00","200","True","338.152",""
"2026-09-04T14:50:55.9375300+00:00","200","True","360.27",""
"2026-09-04T14:50:56.9381845+00:00","200","True","393.606",""
"2026-09-04T14:50:57.9382697+00:00","200","True","616.516",""
"2026-09-04T14:50:58.9385117+00:00","200","True","162.988",""
"2026-09-04T14:50:59.9389423+00:00","200","True","364.137",""
"2026-09-04T14:51:00.9395627+00:00","200","True","389.488",""
"2026-09-04T14:51:01.9394303+00:00","200","True","345.976",""
"2026-09-04T14:51:02.9398416+00:00","200","True","519.895",""
"2026-09-04T14:51:03.9402075+00:00","200","True","190.457",""
"2026-09-04T14:51:04.9401395+00:00","200","True","394.469",""
"2026-09-04T14:51:05.9401165+00:00","200","True","447.32",""
"2026-09-04T14:51:06.9409069+00:00","200","True","416.232",""
"2026-09-04T14:51:07.9414852+00:00","200","True","586.165",""
"2026-09-04T14:51:08.9420319+00:00","200","True","157.873",""
"2026-09-04T14:51:09.9423945+00:00","200","True","406.387",""
"2026-09-04T14:51:10.9425128+00:00","200","True","520.997",""
"2026-09-04T14:51:11.9431925+00:00","200","True","333.26",""
"2026-09-04T14:51:12.9439523+00:00","200","True","504.827",""
"2026-09-04T14:51:13.9441745+00:00","200","True","174.542",""
"2026-09-04T14:51:14.9440811+00:00","200","True","299.644",""
"2026-09-04T14:51:15.9441336+00:00","200","True","322.354",""
"2026-09-04T14:51:16.9448953+00:00","200","True","346.477",""
"2026-09-04T14:51:17.9451259+00:00","200","True","472.65",""
"2026-09-04T14:51:18.9451775+00:00","200","True","414.222",""
"2026-09-04T14:51:19.9458108+00:00","200","True","335.272",""
"2026-09-04T14:51:20.9466524+00:00","200","True","441.835",""
"2026-09-04T14:51:21.9469107+00:00","200","True","326.574",""
"2026-09-04T14:51:22.9469714+00:00","200","True","345.528",""
"2026-09-04T14:51:23.9468651+00:00","200","True","312.947",""
"2026-09-04T14:51:24.9474101+00:00","200","True","281.714",""
"2026-09-04T14:51:25.9475983+00:00","200","True","294.867",""
"2026-09-04T14:51:26.9479642+00:00","200","True","378.112",""
"2026-09-04T14:51:27.9484742+00:00","200","True","400.681",""
"2026-09-04T14:51:28.9485387+00:00","200","True","359.915",""
"2026-09-04T14:51:29.9488922+00:00","200","True","292.569",""
"2026-09-04T14:51:30.9489007+00:00","200","True","370.837",""
"2026-09-04T14:51:31.9490890+00:00","200","True","340.287",""
"2026-09-04T14:51:32.9497932+00:00","200","True","421.716",""
"2026-09-04T14:51:33.9499245+00:00","200","True","269.116",""
"2026-09-04T14:51:34.9504608+00:00","200","True","364.886",""
"2026-09-04T14:51:35.9509747+00:00","200","True","288.665",""
"2026-09-04T14:51:36.9511587+00:00","200","True","314.113",""
"2026-09-04T14:51:37.9516571+00:00","200","True","467.017",""
"2026-09-04T14:51:38.9521088+00:00","200","True","943.222",""
"2026-09-04T14:51:39.9528665+00:00","200","True","290.961",""
"2026-09-04T14:51:40.9533536+00:00","200","True","401.576",""
"2026-09-04T14:51:41.9534470+00:00","200","True","270.784",""
"2026-09-04T14:51:42.9536345+00:00","200","True","275.243",""
"2026-09-04T14:51:43.9543431+00:00","200","True","271.513",""
"2026-09-04T14:51:44.9542768+00:00","200","True","395.188",""
"2026-09-04T14:51:45.9548469+00:00","200","True","322.336",""
"2026-09-04T14:51:46.9547485+00:00","200","True","279.301",""
"2026-09-04T14:51:47.9555683+00:00","200","True","371.771",""
"2026-09-04T14:51:48.9557586+00:00","200","True","580.243",""
"2026-09-04T14:51:49.9563986+00:00","200","True","226.157",""
"2026-09-04T14:51:50.9569894+00:00","200","True","294.866",""
"2026-09-04T14:51:51.9572901+00:00","200","True","269.042",""
"2026-09-04T14:51:52.9577679+00:00","200","True","269.951",""
"2026-09-04T14:51:53.9581532+00:00","200","True","351.703",""
"2026-09-04T14:51:54.9583633+00:00","200","True","324.638",""
"2026-09-04T14:51:55.9586653+00:00","200","True","282.647",""
"2026-09-04T14:51:56.9588713+00:00","200","True","377",""
"2026-09-04T14:51:57.9593564+00:00","200","True","436.46",""
"2026-09-04T14:51:58.9593691+00:00","200","True","418.093",""
"2026-09-04T14:51:59.9599185+00:00","200","True","338.979",""
"2026-09-04T14:52:00.9603359+00:00","200","True","362.435",""
"2026-09-04T14:52:01.9604231+00:00","200","True","340.363",""
"2026-09-04T14:52:02.9612097+00:00","200","True","519.366",""
"2026-09-04T14:52:03.9620678+00:00","200","True","215.242",""
"2026-09-04T14:52:04.9620555+00:00","200","True","458.131",""
"2026-09-04T14:52:05.9626285+00:00","200","True","482.552",""
"2026-09-04T14:52:06.9628894+00:00","200","True","402.496",""
"2026-09-04T14:52:07.9628469+00:00","200","True","358.441",""
"2026-09-04T14:52:08.9627386+00:00","200","True","427.737",""
"2026-09-04T14:52:09.9630166+00:00","200","True","389.745",""
"2026-09-04T14:52:10.9653461+00:00","200","True","538.4",""
"2026-09-04T14:52:11.9653968+00:00","200","True","359.973",""
"2026-09-04T14:52:12.9657822+00:00","200","True","972.128",""
"2026-09-04T14:52:13.9663657+00:00","200","True","873.83",""
"2026-09-04T14:52:14.9666497+00:00","200","True","181.106",""
"2026-09-04T14:52:15.9671028+00:00","200","True","512.95",""
"2026-09-04T14:52:16.9675466+00:00","200","True","168.837",""
"2026-09-04T14:52:17.9677757+00:00","200","True","559.518",""
"2026-09-04T14:52:18.9676715+00:00","200","True","174.367",""
"2026-09-04T14:52:19.9675260+00:00","200","True","767.687",""
"2026-09-04T14:52:20.9676583+00:00","200","True","431.755",""
"2026-09-04T14:52:21.9677954+00:00","200","True","434.173",""
"2026-09-04T14:52:22.9684315+00:00","200","True","1111.325",""
"2026-09-04T14:52:24.0799185+00:00","200","True","612.153",""
"2026-09-04T14:52:25.0806011+00:00","200","True","305.972",""
"2026-09-04T14:52:26.0810164+00:00","200","True","496.063",""
"2026-09-04T14:52:27.0814536+00:00","200","True","662.134",""
"2026-09-04T14:52:28.0821466+00:00","200","True","274.845",""
"2026-09-04T14:52:29.0823909+00:00","200","True","374.984",""
"2026-09-04T14:52:30.0827785+00:00","200","True","935.509",""
"2026-09-04T14:52:31.0827569+00:00","200","True","553.414",""
"2026-09-04T14:52:32.0827907+00:00","200","True","531.273",""
"2026-09-04T14:52:33.0827201+00:00","200","True","947.586",""
"2026-09-04T14:52:34.0828636+00:00","200","True","201.84",""
"2026-09-04T14:52:35.0833298+00:00","200","True","338.757",""
"2026-09-04T14:52:36.0838287+00:00","200","True","505.657",""
"2026-09-04T14:52:37.0840758+00:00","200","True","694.276",""
"2026-09-04T14:52:38.0849034+00:00","200","True","648.852",""
"2026-09-04T14:52:39.0854674+00:00","200","True","330.484",""
"2026-09-04T14:52:40.0853644+00:00","200","True","767.409",""
"2026-09-04T14:52:41.0854632+00:00","200","True","285.738",""
"2026-09-04T14:52:42.0855929+00:00","200","True","516.742",""
"2026-09-04T14:52:43.0859508+00:00","200","True","212.64",""
"2026-09-04T14:52:44.0860524+00:00","200","True","411.15",""
"2026-09-04T14:52:45.0866098+00:00","200","True","884.284",""
"2026-09-04T14:52:46.0873665+00:00","200","True","262.712",""
"2026-09-04T14:52:47.0874666+00:00","200","True","412.341",""
"2026-09-04T14:52:48.0882146+00:00","200","True","341.521",""
"2026-09-04T14:52:49.0882791+00:00","200","True","469.523",""
"2026-09-04T14:52:50.0882387+00:00","200","True","285.22",""
"2026-09-04T14:52:51.0889963+00:00","200","True","309.894",""
"2026-09-04T14:52:52.0895000+00:00","200","True","288.253",""
"2026-09-04T14:52:53.0901162+00:00","200","True","466.404",""
"2026-09-04T14:52:54.0900692+00:00","200","True","358.53",""
"2026-09-04T14:52:55.0902060+00:00","200","True","273.419",""
"2026-09-04T14:52:56.0900831+00:00","200","True","270.107",""
"2026-09-04T14:52:57.0908310+00:00","200","True","556.085",""
"2026-09-04T14:52:58.0916809+00:00","200","True","456.273",""
"2026-09-04T14:52:59.0919086+00:00","200","True","429.969",""
"2026-09-04T14:53:00.0927451+00:00","200","True","1262.806",""
"2026-09-04T14:53:01.3556961+00:00","200","True","318.81",""
"2026-09-04T14:53:02.3560974+00:00","200","True","308.378",""
"2026-09-04T14:53:03.3568657+00:00","200","True","540.673",""
"2026-09-04T14:53:04.3571089+00:00","200","True","967.656",""
"2026-09-04T14:53:05.3570882+00:00","200","True","658.732",""
"2026-09-04T14:53:06.3576963+00:00","200","True","367.851",""
"2026-09-04T14:53:07.3579904+00:00","200","True","375.895",""
"2026-09-04T14:53:08.3583440+00:00","200","True","704.981",""
"2026-09-04T14:53:09.3587036+00:00","200","True","236.319",""
"2026-09-04T14:53:10.3602518+00:00","200","True","357.187",""
"2026-09-04T14:53:11.3611104+00:00","200","True","415.065",""
"2026-09-04T14:53:12.3615417+00:00","200","True","300.862",""
"2026-09-04T14:53:13.3619605+00:00","200","True","345.122",""
"2026-09-04T14:53:14.3626170+00:00","200","True","356.526",""
"2026-09-04T14:53:15.3625241+00:00","200","True","273.139",""
"2026-09-04T14:53:16.3630616+00:00","200","True","335.07",""
"2026-09-04T14:53:17.3635398+00:00","200","True","297.322",""
"2026-09-04T14:53:18.3643070+00:00","200","True","372.035",""
"2026-09-04T14:53:19.3647339+00:00","200","True","387.709",""
"2026-09-04T14:53:20.3648553+00:00","200","True","344.919",""
"2026-09-04T14:53:21.3652487+00:00","200","True","546.942",""
"2026-09-04T14:53:22.3655503+00:00","200","True","336.307",""
"2026-09-04T14:53:23.3662484+00:00","200","True","697.539",""
"2026-09-04T14:53:24.3662871+00:00","200","True","527.454",""
"2026-09-04T14:53:25.3662770+00:00","200","True","358.057",""
"2026-09-04T14:53:26.3668681+00:00","200","True","563.951",""
"2026-09-04T14:53:27.3675485+00:00","200","True","206.829",""
"2026-09-04T14:53:28.3678126+00:00","200","True","1629.394",""
"2026-09-04T14:53:29.9973434+00:00","200","True","614.357",""
"2026-09-04T14:53:30.9981152+00:00","200","True","376.752",""
"2026-09-04T14:53:31.9983080+00:00","200","True","311.696",""
"2026-09-04T14:53:32.9987603+00:00","200","True","324.039",""
"2026-09-04T14:53:33.9991970+00:00","200","True","465.479",""
"2026-09-04T14:53:34.9991186+00:00","200","True","343.288",""
"2026-09-04T14:53:35.9998274+00:00","200","True","438.459",""
"2026-09-04T14:53:36.9997014+00:00","200","True","519.74",""
"2026-09-04T14:53:38.0002049+00:00","200","True","401.7",""
"2026-09-04T14:53:39.0003630+00:00","200","True","535.983",""
"2026-09-04T14:53:40.0016011+00:00","200","True","147.935",""
"2026-09-04T14:53:41.0021794+00:00","200","True","351.12",""
"2026-09-04T14:53:42.0027559+00:00","200","True","435.448",""
"2026-09-04T14:53:43.0027834+00:00","200","True","516.96",""
"2026-09-04T14:53:44.0033809+00:00","200","True","539.567",""
"2026-09-04T14:53:45.0034833+00:00","200","True","487.49",""
"2026-09-04T14:53:46.0033418+00:00","200","True","303.201",""
"2026-09-04T14:53:47.0039877+00:00","200","True","614.956",""
"2026-09-04T14:53:48.0043490+00:00","200","True","302.901",""
"2026-09-04T14:53:49.0046634+00:00","200","True","340.469",""
"2026-09-04T14:53:50.0044963+00:00","200","True","746.506",""
"2026-09-04T14:53:51.0043977+00:00","200","True","208.836",""
"2026-09-04T14:53:52.0047237+00:00","200","True","371.93",""
"2026-09-04T14:53:53.0050747+00:00","200","True","348.182",""
"2026-09-04T14:53:54.0056531+00:00","200","True","550.289",""
"2026-09-04T14:53:55.0065153+00:00","200","True","528.262",""
"2026-09-04T14:53:56.0071508+00:00","200","True","324.47",""
"2026-09-04T14:53:57.0070457+00:00","200","True","665.76",""
"2026-09-04T14:53:58.0073511+00:00","200","True","529.094",""
"2026-09-04T14:53:59.0078419+00:00","200","True","292.942",""
"2026-09-04T14:54:00.0081991+00:00","200","True","407.161",""
"2026-09-04T14:54:01.0088114+00:00","200","True","659.999",""
"2026-09-04T14:54:02.0095876+00:00","200","True","206.918",""
"2026-09-04T14:54:03.0104080+00:00","200","True","579.665",""
"2026-09-04T14:54:04.0105482+00:00","200","True","204.844",""
"2026-09-04T14:54:05.0109030+00:00","200","True","448.949",""
"2026-09-04T14:54:06.0114226+00:00","200","True","547.436",""
"2026-09-04T14:54:07.0112386+00:00","200","True","421.514",""
"2026-09-04T14:54:08.0111086+00:00","200","True","439.221",""
"2026-09-04T14:54:09.0117205+00:00","200","True","349.903",""
"2026-09-04T14:54:10.0121243+00:00","200","True","518.981",""
"2026-09-04T14:54:11.0125604+00:00","200","True","213",""
"2026-09-04T14:54:12.0129960+00:00","200","True","485.885",""
"2026-09-04T14:54:13.0133275+00:00","200","True","369.206",""
"2026-09-04T14:54:14.0142463+00:00","200","True","469.967",""
"2026-09-04T14:54:15.0147491+00:00","200","True","294.558",""
"2026-09-04T14:54:16.0150586+00:00","200","True","302.995",""
"2026-09-04T14:54:17.0157299+00:00","200","True","403.398",""
"2026-09-04T14:54:18.0155560+00:00","200","True","571.489",""
"2026-09-04T14:54:19.0155540+00:00","200","True","233.251",""
"2026-09-04T14:54:20.0162119+00:00","200","True","1389.928",""
"2026-09-04T14:54:21.4062629+00:00","200","True","230.481",""
"2026-09-04T14:54:22.4060974+00:00","200","True","448.351",""
"2026-09-04T14:54:23.4068323+00:00","200","True","357.317",""
"2026-09-04T14:54:24.4069110+00:00","200","True","357.588",""
"2026-09-04T14:54:25.4072255+00:00","200","True","348.89",""
"2026-09-04T14:54:26.4075567+00:00","200","True","426.887",""
"2026-09-04T14:54:27.4082548+00:00","200","True","323.312",""
"2026-09-04T14:54:28.4090550+00:00","200","True","529.994",""
"2026-09-04T14:54:29.4095153+00:00","200","True","238.933",""
"2026-09-04T14:54:30.4098488+00:00","200","True","382.483",""
"2026-09-04T14:54:31.4099222+00:00","200","True","377.368",""
"2026-09-04T14:54:32.4101960+00:00","200","True","369.106",""
"2026-09-04T14:54:33.4107488+00:00","200","True","425.49",""
"2026-09-04T14:54:34.4110421+00:00","200","True","323.793",""
"2026-09-04T14:54:35.4112554+00:00","200","True","334.139",""
"2026-09-04T14:54:36.4124193+00:00","200","True","348.082",""
"2026-09-04T14:54:37.4131311+00:00","200","True","386.598",""
"2026-09-04T14:54:38.4130961+00:00","200","True","536.456",""
"2026-09-04T14:54:39.4129695+00:00","200","True","438.107",""
"2026-09-04T14:54:40.4136573+00:00","200","True","379.974",""
"2026-09-04T14:54:41.4143125+00:00","200","True","483.41",""
"2026-09-04T14:54:42.4151192+00:00","200","True","338.726",""
"2026-09-04T14:54:43.4152547+00:00","200","True","379.672",""
"2026-09-04T14:54:44.4153842+00:00","200","True","334.439",""
"2026-09-04T14:54:45.4153585+00:00","200","True","345.5",""
"2026-09-04T14:54:46.4156217+00:00","200","True","283.669",""
"2026-09-04T14:54:47.4157646+00:00","200","True","278.685",""
"2026-09-04T14:54:48.4158310+00:00","200","True","335.433",""
"2026-09-04T14:54:49.4159394+00:00","200","True","271.577",""
"2026-09-04T14:54:50.4161684+00:00","200","True","299.707",""
"2026-09-04T14:54:51.4162936+00:00","200","True","306.306",""
"2026-09-04T14:54:52.4171283+00:00","200","True","319.184",""
"2026-09-04T14:54:53.4177701+00:00","200","True","402.294",""
"2026-09-04T14:54:54.4186045+00:00","200","True","280.09",""
"2026-09-04T14:54:55.4221047+00:00","200","True","288.923",""
"2026-09-04T14:54:56.4224994+00:00","200","True","340.611",""
"2026-09-04T14:54:57.4231007+00:00","200","True","340.725",""
"2026-09-04T14:54:58.4232589+00:00","200","True","451.787",""
"2026-09-04T14:54:59.4235425+00:00","200","True","469.721",""
"2026-09-04T14:55:00.4239650+00:00","200","True","329.826",""
"2026-09-04T14:55:01.4242042+00:00","200","True","354.211",""
"2026-09-04T14:55:02.4250630+00:00","200","True","319.941",""
"2026-09-04T14:55:03.4254639+00:00","200","True","320.24",""
"2026-09-04T14:55:04.4261270+00:00","200","True","297.375",""
"2026-09-04T14:55:05.4270720+00:00","200","True","325.646",""
"2026-09-04T14:55:06.4275128+00:00","200","True","343.686",""
"2026-09-04T14:55:07.4278251+00:00","200","True","367.657",""
"2026-09-04T14:55:08.4282965+00:00","200","True","494.541",""
"2026-09-04T14:55:09.4282270+00:00","200","True","418.05",""
"2026-09-04T14:55:10.4287926+00:00","200","True","261.196",""
"2026-09-04T14:55:11.4295148+00:00","200","True","359.175",""
"2026-09-04T14:55:12.4302465+00:00","200","True","303.878",""
"2026-09-04T14:55:13.4304762+00:00","200","True","337.67",""
"2026-09-04T14:55:14.4307785+00:00","200","True","267.986",""
"2026-09-04T14:55:15.4314091+00:00","200","True","365.715",""
"2026-09-04T14:55:16.4317161+00:00","200","True","337.46",""
"2026-09-04T14:55:17.4315495+00:00","200","True","296.877",""
"2026-09-04T14:55:18.4320393+00:00","200","True","429.159",""
"2026-09-04T14:55:19.4326162+00:00","200","True","345.874",""
"2026-09-04T14:55:20.4332920+00:00","200","True","366.684",""
"2026-09-04T14:55:21.4333966+00:00","200","True","504.24",""
"2026-09-04T14:55:22.4342853+00:00","200","True","414.052",""
"2026-09-04T14:55:23.4351074+00:00","200","True","306.18",""
"2026-09-04T14:55:24.4368887+00:00","200","True","313.106",""
"2026-09-04T14:55:25.4375924+00:00","200","True","327.511",""
"2026-09-04T14:55:26.4376140+00:00","200","True","353.563",""
"2026-09-04T14:55:27.4377373+00:00","200","True","327.351",""
"2026-09-04T14:55:28.4384591+00:00","200","True","296.226",""
"2026-09-04T14:55:29.4391807+00:00","200","True","427.403",""
"2026-09-04T14:55:30.4390454+00:00","200","True","258.724",""
"2026-09-04T14:55:31.4391758+00:00","200","True","324.426",""
"2026-09-04T14:55:32.4390444+00:00","200","True","495.712",""
"2026-09-04T14:55:33.4393076+00:00","200","True","365.48",""
"2026-09-04T14:55:34.4393389+00:00","200","True","389.769",""
"2026-09-04T14:55:35.4396974+00:00","200","True","345.841",""
"2026-09-04T14:55:36.4403201+00:00","200","True","368.741",""
"2026-09-04T14:55:37.4405460+00:00","200","True","311.541",""
"2026-09-04T14:55:38.4406168+00:00","200","True","302.417",""
"2026-09-04T14:55:39.4404176+00:00","200","True","412.756",""
"2026-09-04T14:55:40.4407687+00:00","200","True","261.487",""
"2026-09-04T14:55:41.4406252+00:00","200","True","292.043",""
"2026-09-04T14:55:42.4412594+00:00","200","True","376.906",""
"2026-09-04T14:55:43.4419695+00:00","200","True","505.773",""
"2026-09-04T14:55:44.4421229+00:00","200","True","220.65",""
"2026-09-04T14:55:45.4423685+00:00","200","True","318.393",""
"2026-09-04T14:55:46.4422594+00:00","200","True","336.985",""
"2026-09-04T14:55:47.4426848+00:00","200","True","340.387",""
"2026-09-04T14:55:48.4434919+00:00","200","True","314.144",""
"2026-09-04T14:55:49.4440597+00:00","200","True","338.448",""
"2026-09-04T14:55:50.4441947+00:00","200","True","360.403",""
"2026-09-04T14:55:51.4440515+00:00","200","True","476.613",""
"2026-09-04T14:55:52.4441175+00:00","200","True","407.672",""
"2026-09-04T14:55:53.4441934+00:00","200","True","337.873",""
"2026-09-04T14:55:54.4448841+00:00","200","True","364.442",""
"2026-09-04T14:55:55.4449173+00:00","200","True","377.248",""
"2026-09-04T14:55:56.4455797+00:00","200","True","282.346",""
"2026-09-04T14:55:57.4464555+00:00","200","True","322.969",""
"2026-09-04T14:55:58.4468333+00:00","200","True","360.947",""
"2026-09-04T14:55:59.4474077+00:00","200","True","304.567",""
"2026-09-04T14:56:00.4476989+00:00","200","True","293.086",""
"2026-09-04T14:56:01.4483345+00:00","200","True","311.192",""
"2026-09-04T14:56:02.4492067+00:00","200","True","275.04",""
"2026-09-04T14:56:03.4498441+00:00","200","True","357.244",""
"2026-09-04T14:56:04.4505975+00:00","200","True","398.207",""
"2026-09-04T14:56:05.4511777+00:00","200","True","408.769",""
"2026-09-04T14:56:06.4520392+00:00","200","True","277.37",""
"2026-09-04T14:56:07.4528361+00:00","200","True","351.316",""
"2026-09-04T14:56:08.4535274+00:00","200","True","347.911",""
"2026-09-04T14:56:09.4538510+00:00","200","True","342.886",""
"2026-09-04T14:56:10.4544957+00:00","200","True","376.005",""
"2026-09-04T14:56:11.4552957+00:00","200","True","389.698",""
"2026-09-04T14:56:12.4556570+00:00","200","True","363.645",""
"2026-09-04T14:56:13.4558114+00:00","200","True","285.788",""
"2026-09-04T14:56:14.4562588+00:00","200","True","309.659",""
"2026-09-04T14:56:15.4565959+00:00","200","True","334.829",""
"2026-09-04T14:56:16.4569644+00:00","200","True","699.648",""
"2026-09-04T14:56:17.4573643+00:00","200","True","146.175",""
"2026-09-04T14:56:18.4581134+00:00","200","True","405.284",""
"2026-09-04T14:56:19.4590153+00:00","200","True","328.814",""
"2026-09-04T14:56:20.4594377+00:00","200","True","264.554",""
"2026-09-04T14:56:21.4593234+00:00","200","True","372.005",""
"2026-09-04T14:56:22.4597524+00:00","200","True","311.094",""
"2026-09-04T14:56:23.4603630+00:00","200","True","281.594",""
"2026-09-04T14:56:24.4605949+00:00","200","True","341.478",""
"2026-09-04T14:56:25.4605945+00:00","200","True","365.245",""
"2026-09-04T14:56:26.4615936+00:00","200","True","385.489",""
"2026-09-04T14:56:27.4614595+00:00","200","True","449.61",""
"2026-09-04T14:56:28.4618257+00:00","200","True","344.151",""
"2026-09-04T14:56:29.4625325+00:00","200","True","305.831",""
"2026-09-04T14:56:30.4628028+00:00","200","True","469.109",""
"2026-09-04T14:56:31.4635447+00:00","200","True","795.539",""
"2026-09-04T14:56:32.4634916+00:00","200","True","379.431",""
"2026-09-04T14:56:33.4633948+00:00","200","True","278.302",""
"2026-09-04T14:56:34.4641095+00:00","200","True","263.849",""
"2026-09-04T14:56:35.4648191+00:00","200","True","1335.266",""
"2026-09-04T14:56:36.8001990+00:00","200","True","185.387",""
"2026-09-04T14:56:37.8001250+00:00","200","True","1244.808",""
"2026-09-04T14:56:39.0453082+00:00","200","True","214.716",""
"2026-09-04T14:56:40.0454861+00:00","200","True","451.791",""
"2026-09-04T14:56:41.0457877+00:00","200","True","343",""
"2026-09-04T14:56:42.0462389+00:00","200","True","366.646",""
"2026-09-04T14:56:43.0465616+00:00","200","True","287.932",""
"2026-09-04T14:56:44.0468600+00:00","200","True","270.429",""
"2026-09-04T14:56:45.0467165+00:00","200","True","439.8",""
"2026-09-04T14:56:46.0470233+00:00","200","True","405.244",""
"2026-09-04T14:56:47.0478212+00:00","200","True","264.782",""
"2026-09-04T14:56:48.0480007+00:00","200","True","306.344",""
"2026-09-04T14:56:49.0488422+00:00","200","True","330.847",""
"2026-09-04T14:56:50.0490304+00:00","200","True","383.057",""
"2026-09-04T14:56:51.0495052+00:00","200","True","599.825",""
"2026-09-04T14:56:52.0499181+00:00","200","True","496.295",""
"2026-09-04T14:56:53.0505966+00:00","200","True","287.903",""
"2026-09-04T14:56:54.0508852+00:00","200","True","280.057",""
"2026-09-04T14:56:55.0517610+00:00","200","True","348.559",""
"2026-09-04T14:56:56.0517481+00:00","200","True","315.66",""
"2026-09-04T14:56:57.0519223+00:00","200","True","634.26",""
"2026-09-04T14:56:58.0525992+00:00","200","True","153.972",""
"2026-09-04T14:56:59.0530969+00:00","200","True","361.723",""
"2026-09-04T14:57:00.0531873+00:00","200","True","290.711",""
"2026-09-04T14:57:01.0535544+00:00","200","True","864.775",""
"2026-09-04T14:57:02.0538403+00:00","200","True","588.84",""
"2026-09-04T14:57:03.0542508+00:00","200","True","628.057",""
"2026-09-04T14:57:04.0547076+00:00","200","True","195.191",""
"2026-09-04T14:57:05.0555389+00:00","200","True","322.241",""
"2026-09-04T14:57:06.0561835+00:00","200","True","423.199",""
"2026-09-04T14:57:07.0567982+00:00","200","True","347.183",""
"2026-09-04T14:57:08.0578231+00:00","200","True","324.439",""
"2026-09-04T14:57:09.0576827+00:00","200","True","327.596",""
"2026-09-04T14:57:10.0606527+00:00","200","True","863.221",""
"2026-09-04T14:57:11.0614874+00:00","200","True","156.02",""
"2026-09-04T14:57:12.0618990+00:00","200","True","354.227",""
"2026-09-04T14:57:13.0624835+00:00","200","True","346.709",""
"2026-09-04T14:57:14.0627779+00:00","200","True","294.388",""
"2026-09-04T14:57:15.0628143+00:00","200","True","303.532",""
"2026-09-04T14:57:16.0628963+00:00","200","True","348.286",""
"2026-09-04T14:57:17.0639607+00:00","200","True","370.687",""
"2026-09-04T14:57:18.0640568+00:00","200","True","395.854",""
"2026-09-04T14:57:19.0643570+00:00","200","True","415.454",""
"2026-09-04T14:57:20.0642413+00:00","200","True","340.694",""
"2026-09-04T14:57:21.0643669+00:00","200","True","279.597",""
"2026-09-04T14:57:22.0646749+00:00","200","True","386.131",""
"2026-09-04T14:57:23.0652230+00:00","200","True","410.308",""
"2026-09-04T14:57:24.0659763+00:00","200","True","334.566",""
"2026-09-04T14:57:25.0660970+00:00","200","True","321.153",""
"2026-09-04T14:57:26.0668171+00:00","200","True","378.017",""
"2026-09-04T14:57:27.0675357+00:00","200","True","473.284",""
"2026-09-04T14:57:28.0674698+00:00","200","True","396.101",""
"2026-09-04T14:57:29.0680639+00:00","200","True","289.999",""
"2026-09-04T14:57:30.0686303+00:00","200","True","262.506",""
"2026-09-04T14:57:31.0685590+00:00","200","True","281.54",""
"2026-09-04T14:57:32.0685498+00:00","200","True","423.288",""
"2026-09-04T14:57:33.0694222+00:00","200","True","360.599",""
"2026-09-04T14:57:34.0698491+00:00","200","True","281.825",""
"2026-09-04T14:57:35.0701689+00:00","200","True","295.869",""
"2026-09-04T14:57:36.0704670+00:00","200","True","411.156",""
"2026-09-04T14:57:37.0710027+00:00","200","True","441.641",""
"2026-09-04T14:57:38.0711835+00:00","200","True","663.224",""
"2026-09-04T14:57:39.0728231+00:00","200","True","175.637",""
"2026-09-04T14:57:40.0730361+00:00","200","True","316.576",""
"2026-09-04T14:57:41.0730949+00:00","200","True","326.55",""
"2026-09-04T14:57:42.0731202+00:00","200","True","346.563",""
"2026-09-04T14:57:43.0732195+00:00","200","True","289.503",""
"2026-09-04T14:57:44.0733299+00:00","200","True","295.187",""
"2026-09-04T14:57:45.0740898+00:00","200","True","326.117",""
"2026-09-04T14:57:46.0745369+00:00","200","True","301.08",""
"2026-09-04T14:57:47.0749764+00:00","200","True","267.312",""
"2026-09-04T14:57:48.0754577+00:00","200","True","389.628",""
"2026-09-04T14:57:49.0755948+00:00","200","True","331.15",""
"2026-09-04T14:57:50.0763570+00:00","200","True","271.523",""
"2026-09-04T14:57:51.0762668+00:00","200","True","312.347",""
"2026-09-04T14:57:52.0771447+00:00","200","True","379.65",""
"2026-09-04T14:57:53.0775616+00:00","200","True","401.846",""
"2026-09-04T14:57:54.0779553+00:00","200","True","344.936",""
"2026-09-04T14:57:55.0784984+00:00","200","True","350.918",""
"2026-09-04T14:57:56.0788691+00:00","200","True","334.442",""
"2026-09-04T14:57:57.0787788+00:00","200","True","421.401",""
"2026-09-04T14:57:58.0795510+00:00","200","True","741.074",""
"2026-09-04T14:57:59.0801251+00:00","200","True","268.948",""
"2026-09-04T14:58:00.0807753+00:00","200","True","469.409",""
"2026-09-04T14:58:01.0815504+00:00","200","True","348.981",""
"2026-09-04T14:58:02.0819751+00:00","200","True","556.19",""
"2026-09-04T14:58:03.0825554+00:00","200","True","210.931",""
"2026-09-04T14:58:04.0831004+00:00","200","True","352.518",""
"2026-09-04T14:58:05.0830889+00:00","200","True","317.118",""
"2026-09-04T14:58:06.0838147+00:00","200","True","388.637",""
"2026-09-04T14:58:07.0839137+00:00","200","True","321.864",""
"2026-09-04T14:58:08.0842183+00:00","200","True","435.424",""
"2026-09-04T14:58:09.0842323+00:00","200","True","369.256",""
"2026-09-04T14:58:10.0849423+00:00","200","True","382.665",""
"2026-09-04T14:58:11.0853082+00:00","200","True","297.691",""
"2026-09-04T14:58:12.0854575+00:00","200","True","441.951",""
"2026-09-04T14:58:13.0858367+00:00","200","True","288.344",""
"2026-09-04T14:58:14.0858486+00:00","200","True","386.287",""
"2026-09-04T14:58:15.0857033+00:00","200","True","307.523",""
"2026-09-04T14:58:16.0860516+00:00","200","True","287.792",""
"2026-09-04T14:58:17.0862667+00:00","200","True","244.624",""
"2026-09-04T14:58:18.0862994+00:00","200","True","405.209",""
"2026-09-04T14:58:19.0873400+00:00","200","True","408.822",""
"2026-09-04T14:58:20.0880139+00:00","200","True","513.439",""
"2026-09-04T14:58:21.0881917+00:00","200","True","164.456",""
"2026-09-04T14:58:22.0883256+00:00","200","True","327.044",""
"2026-09-04T14:58:23.0889919+00:00","200","True","400.398",""
"2026-09-04T14:58:24.0890922+00:00","200","True","316.2",""
"2026-09-04T14:58:25.0899068+00:00","200","True","340.733",""
"2026-09-04T14:58:26.0903742+00:00","200","True","364.169",""
"2026-09-04T14:58:27.0911456+00:00","200","True","299.455",""
"2026-09-04T14:58:28.0910370+00:00","200","True","465.633",""
"2026-09-04T14:58:29.0914271+00:00","200","True","336.263",""
"2026-09-04T14:58:30.0923777+00:00","200","True","271.486",""
"2026-09-04T14:58:31.0926967+00:00","200","True","380.162",""
"2026-09-04T14:58:32.0935224+00:00","200","True","283.268",""
"2026-09-04T14:58:33.0945653+00:00","200","True","321.264",""
"2026-09-04T14:58:34.0955171+00:00","200","True","274.688",""
"2026-09-04T14:58:35.0961092+00:00","200","True","370.948",""
"2026-09-04T14:58:36.0965825+00:00","200","True","308.44",""
"2026-09-04T14:58:37.0967095+00:00","200","True","252.571",""
"2026-09-04T14:58:38.0970021+00:00","200","True","344.27",""
"2026-09-04T14:58:39.0980252+00:00","200","True","361.621",""
"2026-09-04T14:58:40.0981643+00:00","200","True","383.412",""
"2026-09-04T14:58:41.0982902+00:00","200","True","340.944",""
"2026-09-04T14:58:42.0987088+00:00","200","True","340.965",""
"2026-09-04T14:58:43.0993435+00:00","200","True","316.189",""
"2026-09-04T14:58:44.1003843+00:00","200","True","339.501",""
"2026-09-04T14:58:45.1004525+00:00","200","True","288.695",""
"2026-09-04T14:58:46.1010698+00:00","200","True","321.216",""
"2026-09-04T14:58:47.1022784+00:00","200","True","325.963",""
"2026-09-04T14:58:48.1029564+00:00","200","True","316.66",""
"2026-09-04T14:58:49.1034896+00:00","200","True","389.759",""
"2026-09-04T14:58:50.1041196+00:00","200","True","415.882",""
"2026-09-04T14:58:51.1046972+00:00","200","True","335.223",""
"2026-09-04T14:58:52.1054059+00:00","200","True","316.878",""
"2026-09-04T14:58:53.1057925+00:00","200","True","295.333",""
"2026-09-04T14:58:54.1066306+00:00","200","True","406.382",""
"2026-09-04T14:58:55.1066339+00:00","200","True","329.785",""
"2026-09-04T14:58:56.1070217+00:00","200","True","291.796",""
"2026-09-04T14:58:57.1073147+00:00","200","True","292.052",""
"2026-09-04T14:58:58.1078149+00:00","200","True","295.94",""
"2026-09-04T14:58:59.1083120+00:00","200","True","318.988",""
"2026-09-04T14:59:00.1087502+00:00","200","True","343.547",""
"2026-09-04T14:59:01.1089006+00:00","200","True","363.141",""
"2026-09-04T14:59:02.1094407+00:00","200","True","391.726",""
"2026-09-04T14:59:03.1096499+00:00","200","True","720.383",""
"2026-09-04T14:59:04.1104751+00:00","200","True","204.862",""
"2026-09-04T14:59:05.1110769+00:00","200","True","354.94",""
"2026-09-04T14:59:06.1120435+00:00","200","True","419.357",""
"2026-09-04T14:59:07.1127804+00:00","200","True","305.137",""
"2026-09-04T14:59:08.1134232+00:00","200","True","426.256",""
"2026-09-04T14:59:09.1143412+00:00","200","True","283.784",""
"2026-09-04T14:59:10.1146423+00:00","200","True","379.982",""
"2026-09-04T14:59:11.1153581+00:00","200","True","440.451",""
"2026-09-04T14:59:12.1153050+00:00","200","True","599.061",""
"2026-09-04T14:59:13.1157911+00:00","200","True","159.256",""
"2026-09-04T14:59:14.1164371+00:00","200","True","363.258",""
"2026-09-04T14:59:15.1171375+00:00","200","True","385.552",""
"2026-09-04T14:59:16.1171201+00:00","200","True","314.859",""
"2026-09-04T14:59:17.1173656+00:00","200","True","260.451",""
"2026-09-04T14:59:18.1172543+00:00","200","True","274.729",""
"2026-09-04T14:59:19.1177184+00:00","200","True","264.602",""
"2026-09-04T14:59:20.1178175+00:00","200","True","300.464",""
"2026-09-04T14:59:21.1176954+00:00","200","True","324.349",""
"2026-09-04T14:59:22.1184186+00:00","200","True","351.375",""
"2026-09-04T14:59:23.1193974+00:00","200","True","373.809",""
"2026-09-04T14:59:24.1196938+00:00","200","True","403.664",""
"2026-09-04T14:59:25.1202775+00:00","200","True","422.171",""
"2026-09-04T14:59:26.1209422+00:00","200","True","281.292",""
"2026-09-04T14:59:27.1221362+00:00","200","True","364.45",""
"2026-09-04T14:59:28.1220555+00:00","200","True","370.981",""
"2026-09-04T14:59:29.1224991+00:00","200","True","251.906",""
"2026-09-04T14:59:30.1227788+00:00","200","True","332.388",""
"2026-09-04T14:59:31.1267092+00:00","200","True","350.69",""
"2026-09-04T14:59:32.1268088+00:00","200","True","281.257",""
"2026-09-04T14:59:33.1276788+00:00","200","True","310.099",""
"2026-09-04T14:59:34.1281882+00:00","200","True","321.23",""
"2026-09-04T14:59:35.1290096+00:00","200","True","346.14",""
"2026-09-04T14:59:36.1300606+00:00","200","True","454.657",""
"2026-09-04T14:59:37.1300915+00:00","200","True","496.235",""
"2026-09-04T14:59:38.1307712+00:00","200","True","324.215",""
"2026-09-04T14:59:39.1315805+00:00","200","True","779.169",""
"2026-09-04T14:59:40.1328743+00:00","200","True","674.172",""
"2026-09-04T14:59:41.1348335+00:00","200","True","378.288",""
"2026-09-04T14:59:42.1356957+00:00","200","True","300.084",""
"2026-09-04T14:59:43.1363651+00:00","200","True","301.091",""
"2026-09-04T14:59:44.1371057+00:00","200","True","465.841",""
"2026-09-04T14:59:45.1376148+00:00","200","True","592.567",""
"2026-09-04T14:59:46.1377950+00:00","200","True","355.48",""
"2026-09-04T14:59:47.1379282+00:00","200","True","717.771",""
"2026-09-04T14:59:48.1380752+00:00","200","True","280.23",""
"2026-09-04T14:59:49.1387171+00:00","200","True","299.75",""
"2026-09-04T14:59:50.1388870+00:00","200","True","282.734",""
"2026-09-04T14:59:51.1391449+00:00","200","True","425.907",""
"2026-09-04T14:59:52.1397409+00:00","200","True","356.119",""
"2026-09-04T14:59:53.1405745+00:00","200","True","353.003",""
"2026-09-04T14:59:54.1413309+00:00","200","True","380.776",""
"2026-09-04T14:59:55.1416830+00:00","200","True","542.474",""
"2026-09-04T14:59:56.1417250+00:00","200","True","654.128",""
"2026-09-04T14:59:57.1425264+00:00","200","True","250.16",""
"2026-09-04T14:59:58.1433609+00:00","200","True","429.174",""
"2026-09-04T14:59:59.1442414+00:00","200","True","722.559",""
"2026-09-04T15:00:00.1446317+00:00","200","True","570.138",""
"2026-09-04T15:00:01.1454386+00:00","200","True","336.238",""
"2026-09-04T15:00:02.1463477+00:00","200","True","380.745",""
"2026-09-04T15:00:03.1468935+00:00","200","True","492.533",""
"2026-09-04T15:00:04.1470539+00:00","200","True","317.155",""
"2026-09-04T15:00:05.1478624+00:00","200","True","615.117",""
"2026-09-04T15:00:06.1483653+00:00","200","True","220.623",""
"2026-09-04T15:00:07.1486395+00:00","200","True","1092.336",""
"2026-09-04T15:00:08.2414112+00:00","200","True","363.282",""
"2026-09-04T15:00:09.2422982+00:00","200","True","454.339",""
"2026-09-04T15:00:10.2430743+00:00","200","True","352.668",""
"2026-09-04T15:00:11.2435832+00:00","200","True","302.874",""
"2026-09-04T15:00:12.2442086+00:00","200","True","321.773",""
"2026-09-04T15:00:13.2447373+00:00","200","True","339.184",""
"2026-09-04T15:00:14.2455970+00:00","200","True","303.516",""
"2026-09-04T15:00:15.2457232+00:00","200","True","401.755",""
"2026-09-04T15:00:16.2458616+00:00","200","True","493.268",""
"2026-09-04T15:00:17.2466909+00:00","200","True","475.941",""
"2026-09-04T15:00:18.2470176+00:00","200","True","446.856",""
"2026-09-04T15:00:19.2474450+00:00","200","True","386.417",""
"2026-09-04T15:00:20.2472333+00:00","200","True","336.955",""
"2026-09-04T15:00:21.2476633+00:00","200","True","527.312",""
"2026-09-04T15:00:22.2484695+00:00","200","True","126.668",""
"2026-09-04T15:00:23.2486196+00:00","200","True","266.298",""
"2026-09-04T15:00:24.2494003+00:00","200","True","475.515",""
"2026-09-04T15:00:25.2493165+00:00","200","True","255.182",""
"2026-09-04T15:00:26.2499017+00:00","200","True","331.276",""
"2026-09-04T15:00:27.2506077+00:00","200","True","348.358",""
"2026-09-04T15:00:28.2505191+00:00","200","True","337.687",""
"2026-09-04T15:00:29.2506372+00:00","200","True","409.892",""
"2026-09-04T15:00:30.2509521+00:00","200","True","405.11",""
"2026-09-04T15:00:31.2515056+00:00","200","True","308.573",""
"2026-09-04T15:00:32.2515346+00:00","200","True","322.01",""
"2026-09-04T15:00:33.2519659+00:00","200","True","417.953",""
"2026-09-04T15:00:34.2558518+00:00","200","True","623.333",""
"2026-09-04T15:00:35.2557925+00:00","200","True","265.476",""
"2026-09-04T15:00:36.2565719+00:00","200","True","552.714",""
"2026-09-04T15:00:37.2566704+00:00","200","True","313.601",""
"2026-09-04T15:00:38.2596101+00:00","200","True","601.773",""
"2026-09-04T15:00:39.2598081+00:00","200","True","313.144",""
"2026-09-04T15:00:40.2603323+00:00","200","True","337.7",""
"2026-09-04T15:00:41.2604294+00:00","200","True","334.218",""
"2026-09-04T15:00:42.2610865+00:00","200","True","501.802",""
"2026-09-04T15:00:43.2615044+00:00","200","True","305.411",""
"2026-09-04T15:00:44.2615296+00:00","200","True","329.059",""
"2026-09-04T15:00:45.2621551+00:00","200","True","268.658",""
"2026-09-04T15:00:46.2623882+00:00","200","True","296.305",""
"2026-09-04T15:00:47.2633674+00:00","200","True","274.153",""
"2026-09-04T15:00:48.2639667+00:00","200","True","322.219",""
"2026-09-04T15:00:49.2645927+00:00","200","True","346.488",""
"2026-09-04T15:00:50.2644285+00:00","200","True","283.294",""
"2026-09-04T15:00:51.2650313+00:00","200","True","291.058",""
"2026-09-04T15:00:52.2657445+00:00","200","True","338.447",""
"2026-09-04T15:00:53.2657670+00:00","200","True","445.001",""
"2026-09-04T15:00:54.2662951+00:00","200","True","275.437",""
"2026-09-04T15:00:55.2662595+00:00","200","True","384.466",""
"2026-09-04T15:00:56.2662863+00:00","200","True","325.046",""
"2026-09-04T15:00:57.2667265+00:00","200","True","304.516",""
"2026-09-04T15:00:58.2665903+00:00","200","True","355.846",""
"2026-09-04T15:00:59.2667879+00:00","200","True","380.641",""
"2026-09-04T15:01:00.2669028+00:00","200","True","369.361",""
"2026-09-04T15:01:01.2667905+00:00","200","True","258.65",""
"2026-09-04T15:01:02.2671678+00:00","200","True","362.632",""
"2026-09-04T15:01:03.2672430+00:00","200","True","370.963",""
"2026-09-04T15:01:04.2676175+00:00","200","True","439.027",""
"2026-09-04T15:01:05.2682003+00:00","200","True","314.068",""
"2026-09-04T15:01:06.2690060+00:00","200","True","271.785",""
"2026-09-04T15:01:07.2693422+00:00","200","True","363.484",""
"2026-09-04T15:01:08.2692829+00:00","200","True","392.249",""
"2026-09-04T15:01:09.2699579+00:00","200","True","307.335",""
"2026-09-04T15:01:10.2706673+00:00","200","True","305.003",""
"2026-09-04T15:01:11.2712429+00:00","200","True","298.229",""
"2026-09-04T15:01:12.2720075+00:00","200","True","315.014",""
"2026-09-04T15:01:13.2724285+00:00","200","True","298.578",""
"2026-09-04T15:01:14.2726208+00:00","200","True","321.693",""
"2026-09-04T15:01:15.2727701+00:00","200","True","282.446",""
"2026-09-04T15:01:16.2725839+00:00","200","True","371.603",""
"2026-09-04T15:01:17.2728025+00:00","200","True","305.142",""
"2026-09-04T15:01:18.2733477+00:00","200","True","259.524",""
"2026-09-04T15:01:19.2733217+00:00","200","True","339.161",""
"2026-09-04T15:01:20.2738611+00:00","200","True","276.861",""
"2026-09-04T15:01:21.2741828+00:00","200","True","263.74",""
"2026-09-04T15:01:22.2742888+00:00","200","True","305.797",""
"2026-09-04T15:01:23.2746240+00:00","200","True","460.384",""
"2026-09-04T15:01:24.2748969+00:00","200","True","281.371",""
"2026-09-04T15:01:25.2757502+00:00","200","True","328.358",""
"2026-09-04T15:01:26.2757725+00:00","200","True","323.279",""
"2026-09-04T15:01:27.2767159+00:00","200","True","327.022",""
"2026-09-04T15:01:28.2772932+00:00","200","True","332.739",""
"2026-09-04T15:01:29.2775544+00:00","200","True","357.156",""
"2026-09-04T15:01:30.2782513+00:00","200","True","297.07",""
"2026-09-04T15:01:31.2788869+00:00","200","True","260.494",""
"2026-09-04T15:01:32.2789403+00:00","200","True","325.882",""
"2026-09-04T15:01:33.2795332+00:00","200","True","303.995",""
"2026-09-04T15:01:34.2803078+00:00","200","True","490.933",""
"2026-09-04T15:01:35.2809405+00:00","200","True","367.171",""
"2026-09-04T15:01:36.2816631+00:00","200","True","535.032",""
"2026-09-04T15:01:37.2821422+00:00","200","True","208.668",""
"2026-09-04T15:01:38.2823913+00:00","200","True","1000.03",""
"2026-09-04T15:01:39.2825333+00:00","200","True","258.486",""
"2026-09-04T15:01:40.2823946+00:00","200","True","374.054",""
"2026-09-04T15:01:41.2828479+00:00","200","True","372.514",""
"2026-09-04T15:01:42.2829377+00:00","200","True","363.308",""
"2026-09-04T15:01:43.2836553+00:00","200","True","337.544",""
"2026-09-04T15:01:44.2835601+00:00","200","True","628.888",""
"2026-09-04T15:01:45.2839304+00:00","200","True","451.611",""
"2026-09-04T15:01:46.2839957+00:00","200","True","360.95",""
"2026-09-04T15:01:47.2843679+00:00","200","True","300.904",""
"2026-09-04T15:01:48.2848019+00:00","200","True","330.932",""
"2026-09-04T15:01:49.2851544+00:00","200","True","357.295",""
"2026-09-04T15:01:50.2859416+00:00","200","True","375.229",""
"2026-09-04T15:01:51.2866484+00:00","200","True","378.497",""
"2026-09-04T15:01:52.2866506+00:00","200","True","319.069",""
"2026-09-04T15:01:53.2871610+00:00","200","True","432.12",""
"2026-09-04T15:01:54.2877116+00:00","200","True","275.57",""
"2026-09-04T15:01:55.2876884+00:00","200","True","297.619",""
"2026-09-04T15:01:56.2878902+00:00","200","True","284.521",""
"2026-09-04T15:01:57.2882491+00:00","200","True","333.789",""
"2026-09-04T15:01:58.2884686+00:00","200","True","340.246",""
"2026-09-04T15:01:59.2891630+00:00","200","True","730.078",""
"2026-09-04T15:02:00.2896794+00:00","200","True","192.879",""
"2026-09-04T15:02:01.2901806+00:00","200","True","407.849",""
"2026-09-04T15:02:02.2904361+00:00","200","True","273.027",""
"2026-09-04T15:02:03.2911027+00:00","200","True","292.031",""
"2026-09-04T15:02:04.2915990+00:00","200","True","376.821",""
"2026-09-04T15:02:05.2918141+00:00","200","True","297.191",""
"2026-09-04T15:02:06.2953185+00:00","200","True","319.441",""
"2026-09-04T15:02:07.2951617+00:00","200","True","344.611",""
"2026-09-04T15:02:08.2952045+00:00","200","True","403.772",""
"2026-09-04T15:02:09.2953625+00:00","200","True","291.891",""
"2026-09-04T15:02:10.2956161+00:00","200","True","292.157",""
"2026-09-04T15:02:11.2961600+00:00","200","True","263.963",""
"2026-09-04T15:02:12.2965354+00:00","200","True","364.458",""
"2026-09-04T15:02:13.2965864+00:00","200","True","332.047",""
"2026-09-04T15:02:14.2970629+00:00","200","True","299.435",""
"2026-09-04T15:02:15.2969047+00:00","200","True","298.115",""
"2026-09-04T15:02:16.2975541+00:00","200","True","273.261",""
"2026-09-04T15:02:17.2982849+00:00","200","True","315.839",""
"2026-09-04T15:02:18.2985353+00:00","200","True","351.137",""
"2026-09-04T15:02:19.2991858+00:00","200","True","330.086",""
"2026-09-04T15:02:20.2998072+00:00","200","True","280.358",""
"2026-09-04T15:02:21.3007921+00:00","200","True","367.105",""
"2026-09-04T15:02:22.3012794+00:00","200","True","419.484",""
"2026-09-04T15:02:23.3011627+00:00","200","True","415.667",""
"2026-09-04T15:02:24.3013571+00:00","200","True","274.416",""
"2026-09-04T15:02:25.3011865+00:00","200","True","577.789",""
"2026-09-04T15:02:26.3014222+00:00","200","True","183.112",""
"2026-09-04T15:02:27.3020630+00:00","200","True","305.277",""
"2026-09-04T15:02:28.3029264+00:00","200","True","344.527",""
"2026-09-04T15:02:29.3029563+00:00","200","True","278.191",""
"2026-09-04T15:02:30.3039127+00:00","200","True","327.225",""
"2026-09-04T15:02:31.3048397+00:00","200","True","396.909",""
"2026-09-04T15:02:32.3051995+00:00","200","True","320.212",""
"2026-09-04T15:02:33.3058026+00:00","200","True","269.73",""
"2026-09-04T15:02:34.3059271+00:00","200","True","328.609",""
